account_id,date,time,transaction_type,amount,related_account,laundering_type,risk_score,is_suspicious
ACC_0123,2024-04-26,08:04:31,deposit,38536.91,ACC_0031,none,27.71,0
ACC_0060,2024-03-07,15:14:13,transfer,1493.72,ACC_0152,none,5.14,0
ACC_0095,2024-05-21,04:09:55,deposit,43138.63,ACC_0167,none,42.76,0
ACC_0007,2024-05-25,10:13:45,deposit,32734.82,ACC_0115,none,17.81,0
ACC_0072,2024-04-17,04:27:09,transfer,34326.7,ACC_0130,none,21.15,0
ACC_0047,2024-05-04,18:12:33,transfer,733.22,ACC_0040,none,16.07,0
ACC_0018,2024-04-05,06:22:03,transfer,25505.41,ACC_0168,none,24.95,0
ACC_0086,2024-05-18,10:37:28,transfer,37966.07,ACC_0050,none,30.82,0
ACC_0031,2024-02-04,21:37:49,withdrawal,7053.52,ACC_0039,none,34.79,0
ACC_0092,2024-06-02,17:22:42,deposit,21313.34,ACC_0161,none,11.63,0
ACC_0175,2024-06-11,07:55:27,transfer,19456.24,ACC_0089,none,6.17,0
ACC_0125,2024-03-17,17:10:21,withdrawal,33098.71,ACC_0112,none,23.78,0
ACC_0074,2024-06-29,21:07:15,deposit,14767.74,ACC_0099,none,14.1,0
ACC_0170,2024-02-27,17:55:55,transfer,25001.6,ACC_0151,none,20.89,0
ACC_0152,2024-06-23,13:14:24,deposit,38206.93,ACC_0034,none,20.2,0
ACC_0126,2024-04-27,10:13:02,transfer,27279.32,ACC_0063,none,38.45,0
ACC_0112,2024-05-27,13:10:15,transfer,10891.31,ACC_0167,none,29.45,0
ACC_0053,2024-06-07,23:42:12,deposit,25255.39,ACC_0008,none,32.74,0
ACC_0185,2024-03-25,20:26:43,deposit,14774.97,ACC_0059,none,16.59,0
ACC_0126,2024-04-05,21:01:35,transfer,39331.12,ACC_0126,none,11.38,0
ACC_0105,2024-02-16,08:30:59,deposit,26311.29,ACC_0031,none,25.13,0
ACC_0111,2024-01-03,19:30:28,withdrawal,3770.04,ACC_0178,none,30.4,0
ACC_0153,2024-01-06,15:56:40,withdrawal,2956.7,ACC_0155,none,38.7,0
ACC_0056,2024-03-28,18:11:48,transfer,5296.1,ACC_0104,none,5.04,0
ACC_0079,2024-01-31,21:33:18,deposit,2096.05,ACC_0015,none,21.05,0
ACC_0188,2024-06-18,09:06:03,withdrawal,13208.65,ACC_0139,none,35.0,0
ACC_0084,2024-02-27,13:01:33,transfer,32728.63,ACC_0150,none,32.25,0
ACC_0014,2024-06-29,16:01:01,transfer,8247.72,ACC_0062,none,7.4,0
ACC_0159,2024-03-22,23:03:09,withdrawal,8839.65,ACC_0151,none,16.06,0
ACC_0182,2024-06-25,16:20:53,withdrawal,39633.46,ACC_0189,none,44.41,0
ACC_0173,2024-01-23,13:13:03,deposit,40604.01,ACC_0014,none,33.11,0
ACC_0044,2024-04-23,03:39:10,deposit,13608.27,ACC_0193,none,11.26,0
ACC_0175,2024-04-07,12:36:31,withdrawal,28285.77,ACC_0195,none,33.06,0
ACC_0053,2024-05-20,18:22:06,transfer,23240.28,ACC_0026,none,23.57,0
ACC_0117,2024-04-19,08:15:25,withdrawal,44464.64,ACC_0133,none,43.53,0
ACC_0098,2024-04-28,16:51:39,deposit,49094.02,ACC_0014,crypto_laundering,100.0,1
ACC_0050,2024-06-05,22:22:01,withdrawal,38193.87,ACC_0127,none,17.36,0
ACC_0014,2024-01-07,04:01:28,withdrawal,11368.56,ACC_0137,none,38.76,0
ACC_0128,2024-03-12,08:12:22,withdrawal,39257.47,ACC_0087,none,23.93,0
ACC_0027,2024-03-29,12:25:03,deposit,17996.71,ACC_0026,none,35.91,0
ACC_0142,2024-02-29,07:57:49,deposit,44419.53,ACC_0027,none,41.75,0
ACC_0157,2024-03-23,13:56:10,transfer,25589.14,ACC_0136,none,10.17,0
ACC_0040,2024-02-13,01:43:25,transfer,10395.76,ACC_0017,none,22.96,0
ACC_0120,2024-04-24,00:16:55,deposit,39954.52,ACC_0025,none,36.28,0
ACC_0047,2024-03-26,15:15:01,deposit,23026.99,ACC_0020,none,22.23,0
ACC_0014,2024-04-11,13:42:20,withdrawal,21957.81,ACC_0120,none,10.29,0
ACC_0122,2024-01-13,14:49:43,deposit,17804.71,ACC_0173,none,43.93,0
ACC_0038,2024-06-04,18:21:02,deposit,32087.96,ACC_0193,none,13.13,0
ACC_0097,2024-05-08,09:39:56,deposit,38606.75,ACC_0097,none,19.74,0
ACC_0175,2024-04-03,22:28:42,transfer,42578.68,ACC_0136,none,37.05,0
ACC_0025,2024-06-27,04:43:37,deposit,1547.57,ACC_0156,none,20.13,0
ACC_0017,2024-04-04,16:57:31,transfer,28653.97,ACC_0035,none,44.54,0
ACC_0157,2024-05-29,10:15:03,withdrawal,6591.93,ACC_0176,none,22.48,0
ACC_0098,2024-01-06,20:17:02,transfer,34621.56,ACC_0060,none,37.34,0
ACC_0127,2024-02-12,17:44:10,transfer,30484.09,ACC_0160,none,19.36,0
ACC_0180,2024-01-08,07:34:53,transfer,2085.79,ACC_0165,none,26.01,0
ACC_0034,2024-02-16,18:45:04,deposit,10728.45,ACC_0087,none,37.07,0
ACC_0062,2024-02-27,23:26:31,deposit,21089.37,ACC_0036,none,19.3,0
ACC_0124,2024-03-13,23:47:33,transfer,44247.86,ACC_0042,none,20.49,0
ACC_0159,2024-04-13,06:28:07,deposit,32467.92,ACC_0049,none,7.77,0
ACC_0099,2024-04-15,14:08:21,deposit,3077.3,ACC_0027,none,19.55,0
ACC_0081,2024-02-12,23:30:04,deposit,25562.09,ACC_0059,none,30.61,0
ACC_0061,2024-06-27,15:11:28,transfer,44006.46,ACC_0150,none,20.42,0
ACC_0008,2024-05-03,13:29:00,transfer,17599.53,ACC_0012,none,15.1,0
ACC_0120,2024-04-01,21:03:34,withdrawal,42924.15,ACC_0120,none,41.11,0
ACC_0010,2024-06-20,19:56:20,transfer,41162.25,ACC_0185,none,14.56,0
ACC_0026,2024-02-04,22:00:58,deposit,12535.04,ACC_0019,none,19.44,0
ACC_0130,2024-01-01,23:32:31,withdrawal,4054.88,ACC_0185,none,12.35,0
ACC_0120,2024-05-31,09:19:37,withdrawal,21300.77,ACC_0119,none,20.53,0
ACC_0050,2024-02-01,23:54:50,deposit,27754.27,ACC_0040,none,29.82,0
ACC_0131,2024-05-03,08:12:57,transfer,21384.07,ACC_0169,none,20.09,0
ACC_0005,2024-04-16,10:57:59,withdrawal,30523.94,ACC_0023,none,32.03,0
ACC_0024,2024-06-18,23:18:20,withdrawal,37608.76,ACC_0200,none,19.19,0
ACC_0153,2024-04-09,16:59:19,withdrawal,20404.64,ACC_0126,none,21.31,0
ACC_0126,2024-02-10,00:50:40,transfer,39671.76,ACC_0181,none,10.2,0
ACC_0083,2024-05-15,02:27:48,deposit,34997.98,ACC_0065,none,29.29,0
ACC_0017,2024-06-28,10:10:52,deposit,34858.49,ACC_0178,none,25.8,0
ACC_0164,2024-06-17,11:13:44,withdrawal,43075.21,ACC_0002,none,8.74,0
ACC_0167,2024-05-27,12:39:36,transfer,14314.28,ACC_0120,none,44.51,0
ACC_0186,2024-03-22,08:56:56,deposit,14167.01,ACC_0034,none,33.96,0
ACC_0094,2024-03-28,10:40:16,deposit,42591.88,ACC_0166,none,25.06,0
ACC_0116,2024-06-04,19:03:51,deposit,6394.47,ACC_0066,none,38.18,0
ACC_0086,2024-03-24,07:41:09,transfer,36395.12,ACC_0198,none,16.18,0
ACC_0180,2024-03-25,05:00:06,deposit,3695.85,ACC_0106,none,34.14,0
ACC_0069,2024-06-08,11:09:24,deposit,11276.27,ACC_0002,none,32.25,0
ACC_0041,2024-03-13,04:15:13,withdrawal,42265.78,ACC_0064,none,43.09,0
ACC_0012,2024-05-28,09:45:17,deposit,18994.93,ACC_0031,none,28.7,0
ACC_0079,2024-02-07,14:26:06,withdrawal,39181.93,ACC_0015,none,43.36,0
ACC_0081,2024-02-04,12:32:29,deposit,36783.7,ACC_0013,none,22.38,0
ACC_0023,2024-06-17,23:32:54,deposit,26695.92,ACC_0078,none,20.19,0
ACC_0127,2024-01-18,09:58:39,withdrawal,5742.58,ACC_0046,none,43.38,0
ACC_0175,2024-02-06,08:57:16,withdrawal,28755.5,ACC_0027,none,38.1,0
ACC_0126,2024-01-04,09:38:43,deposit,13981.08,ACC_0199,none,17.18,0
ACC_0089,2024-03-04,16:35:01,transfer,26085.66,ACC_0071,none,18.49,0
ACC_0191,2024-01-30,16:34:07,withdrawal,25968.53,ACC_0133,none,24.96,0
ACC_0084,2024-02-24,18:46:06,deposit,33815.53,ACC_0040,none,23.64,0
ACC_0049,2024-06-01,02:45:46,deposit,44505.63,ACC_0004,none,6.4,0
ACC_0160,2024-04-25,07:51:27,withdrawal,14200.59,ACC_0066,none,13.68,0
ACC_0162,2024-02-12,00:39:07,withdrawal,34730.38,ACC_0049,none,13.37,0
ACC_0036,2024-01-27,18:53:04,deposit,7366.88,ACC_0072,none,8.3,0
ACC_0040,2024-01-20,13:32:54,transfer,10851.73,ACC_0094,none,9.25,0
ACC_0069,2024-06-24,16:35:58,deposit,49051.62,ACC_0151,mule_account,100.0,1
ACC_0066,2024-04-02,04:44:11,withdrawal,18778.27,ACC_0159,none,15.4,0
ACC_0146,2024-01-29,12:08:36,withdrawal,3639.75,ACC_0152,none,15.44,0
ACC_0052,2024-05-30,12:02:08,withdrawal,41553.27,ACC_0150,none,33.06,0
ACC_0024,2024-04-03,06:06:52,withdrawal,12860.68,ACC_0197,none,23.29,0
ACC_0002,2024-05-26,09:42:31,deposit,658.08,ACC_0075,none,5.98,0
ACC_0058,2024-05-04,14:35:43,withdrawal,33257.25,ACC_0110,none,15.54,0
ACC_0139,2024-06-16,03:32:59,deposit,13599.04,ACC_0144,none,39.61,0
ACC_0130,2024-02-07,21:23:30,transfer,42494.79,ACC_0051,none,11.35,0
ACC_0198,2024-03-15,14:10:20,withdrawal,6127.91,ACC_0087,none,25.68,0
ACC_0119,2024-06-10,03:07:57,withdrawal,14760.38,ACC_0029,none,37.72,0
ACC_0154,2024-06-03,07:11:51,transfer,8626.0,ACC_0036,none,42.8,0
ACC_0170,2024-02-28,21:38:26,transfer,7429.4,ACC_0072,none,13.21,0
ACC_0050,2024-03-24,14:16:57,transfer,29374.4,ACC_0133,none,29.89,0
ACC_0070,2024-04-21,10:41:00,deposit,29483.01,ACC_0120,none,44.33,0
ACC_0132,2024-04-30,07:25:46,withdrawal,12448.54,ACC_0173,none,34.76,0
ACC_0003,2024-06-28,18:04:54,deposit,26235.78,ACC_0156,none,38.69,0
ACC_0021,2024-03-04,20:38:25,transfer,2902.68,ACC_0135,none,20.73,0
ACC_0039,2024-05-23,00:32:48,deposit,31948.99,ACC_0006,none,20.95,0
ACC_0048,2024-03-10,00:06:14,transfer,36499.6,ACC_0113,none,13.29,0
ACC_0138,2024-06-25,17:59:43,deposit,49796.18,ACC_0020,mule_account,100.0,1
ACC_0162,2024-03-19,07:29:45,withdrawal,11050.47,ACC_0028,none,10.53,0
ACC_0103,2024-04-06,06:55:39,withdrawal,28896.29,ACC_0073,none,19.34,0
ACC_0136,2024-05-27,10:24:35,deposit,1544.89,ACC_0200,none,37.49,0
ACC_0138,2024-04-23,13:47:02,withdrawal,2463.78,ACC_0035,none,23.25,0
ACC_0131,2024-02-11,08:57:17,deposit,38730.93,ACC_0012,none,10.54,0
ACC_0179,2024-02-21,05:58:44,transfer,7697.97,ACC_0156,none,8.98,0
ACC_0119,2024-06-27,03:17:14,deposit,30241.56,ACC_0092,none,22.58,0
ACC_0183,2024-02-06,13:26:07,deposit,6743.49,ACC_0167,none,11.69,0
ACC_0171,2024-06-16,17:07:59,deposit,39772.94,ACC_0175,none,26.28,0
ACC_0025,2024-04-22,20:25:34,withdrawal,17770.15,ACC_0193,none,22.37,0
ACC_0149,2024-04-10,13:57:12,transfer,1855.33,ACC_0056,none,5.12,0
ACC_0168,2024-03-20,03:12:50,deposit,32186.59,ACC_0142,none,25.03,0
ACC_0064,2024-04-21,04:58:50,transfer,23362.44,ACC_0097,none,34.95,0
ACC_0114,2024-02-16,19:12:45,deposit,40479.83,ACC_0026,none,25.96,0
ACC_0147,2024-06-22,19:53:18,transfer,39031.07,ACC_0194,none,29.22,0
ACC_0050,2024-01-24,15:28:45,withdrawal,37689.97,ACC_0131,none,17.74,0
ACC_0108,2024-05-22,13:23:21,withdrawal,28360.94,ACC_0107,none,40.07,0
ACC_0149,2024-06-20,22:38:52,deposit,5615.93,ACC_0028,none,23.46,0
ACC_0075,2024-03-27,13:59:41,transfer,33854.62,ACC_0129,none,17.75,0
ACC_0106,2024-06-19,18:15:02,withdrawal,41478.13,ACC_0128,none,27.38,0
ACC_0136,2024-03-02,01:55:11,transfer,35126.85,ACC_0096,none,32.04,0
ACC_0193,2024-04-19,01:49:44,deposit,22569.78,ACC_0019,none,41.55,0
ACC_0151,2024-05-31,02:26:58,deposit,36830.29,ACC_0135,none,26.29,0
ACC_0067,2024-05-27,08:11:39,deposit,27146.95,ACC_0079,none,19.98,0
ACC_0147,2024-05-14,03:21:33,deposit,909.05,ACC_0183,none,18.87,0
ACC_0148,2024-02-03,02:14:21,deposit,28688.64,ACC_0048,none,5.02,0
ACC_0062,2024-03-03,10:20:02,deposit,3361.24,ACC_0197,none,35.25,0
ACC_0156,2024-01-10,17:08:44,withdrawal,26181.34,ACC_0001,none,43.34,0
ACC_0199,2024-02-27,19:13:03,withdrawal,31683.82,ACC_0108,none,21.38,0
ACC_0079,2024-03-13,07:16:49,withdrawal,9932.54,ACC_0012,none,21.91,0
ACC_0047,2024-06-21,13:13:12,transfer,3444.0,ACC_0114,none,42.39,0
ACC_0178,2024-03-13,19:38:25,deposit,4339.67,ACC_0012,none,10.09,0
ACC_0185,2024-03-01,11:49:08,withdrawal,13884.01,ACC_0038,none,20.72,0
ACC_0151,2024-02-12,22:34:47,withdrawal,13053.44,ACC_0161,none,14.02,0
ACC_0176,2024-04-12,06:30:39,transfer,39694.22,ACC_0131,none,43.11,0
ACC_0116,2024-04-24,14:06:17,deposit,8438.15,ACC_0046,none,30.95,0
ACC_0065,2024-05-23,11:18:16,withdrawal,2935.19,ACC_0186,none,32.14,0
ACC_0058,2024-05-08,23:55:47,withdrawal,6812.04,ACC_0118,none,16.63,0
ACC_0039,2024-05-31,17:13:56,deposit,25594.63,ACC_0134,none,29.52,0
ACC_0053,2024-01-30,09:45:25,deposit,11648.98,ACC_0162,none,30.78,0
ACC_0185,2024-05-28,20:31:06,deposit,34977.57,ACC_0068,none,6.45,0
ACC_0111,2024-02-19,06:46:43,transfer,2536.29,ACC_0035,none,37.26,0
ACC_0115,2024-01-01,11:12:42,transfer,9686.31,ACC_0180,none,39.91,0
ACC_0127,2024-04-09,05:33:12,transfer,35045.13,ACC_0024,none,41.69,0
ACC_0098,2024-05-24,15:16:09,withdrawal,43828.38,ACC_0178,none,31.42,0
ACC_0094,2024-04-21,17:24:33,deposit,33315.35,ACC_0124,none,16.65,0
ACC_0043,2024-05-08,03:26:25,withdrawal,10168.75,ACC_0127,none,12.75,0
ACC_0002,2024-04-27,19:20:11,transfer,23371.46,ACC_0125,none,37.22,0
ACC_0141,2024-03-24,14:58:15,transfer,35224.29,ACC_0107,none,44.86,0
ACC_0077,2024-02-06,02:03:09,transfer,18376.6,ACC_0126,none,8.9,0
ACC_0172,2024-01-06,12:43:34,withdrawal,39262.94,ACC_0190,none,33.81,0
ACC_0140,2024-04-04,08:11:18,transfer,15633.6,ACC_0070,none,42.19,0
ACC_0171,2024-03-06,19:49:41,deposit,32456.16,ACC_0091,none,14.81,0
ACC_0118,2024-05-07,19:05:11,deposit,29237.8,ACC_0037,none,30.59,0
ACC_0063,2024-01-11,20:18:19,deposit,38267.82,ACC_0022,none,32.74,0
ACC_0048,2024-04-05,15:49:45,transfer,21926.81,ACC_0132,none,18.69,0
ACC_0022,2024-06-27,00:19:26,transfer,39655.65,ACC_0151,none,15.74,0
ACC_0074,2024-01-08,10:18:51,transfer,14523.92,ACC_0065,none,25.3,0
ACC_0085,2024-01-07,07:37:41,transfer,10658.46,ACC_0158,none,10.08,0
ACC_0101,2024-03-01,15:03:58,deposit,2451.51,ACC_0093,none,41.68,0
ACC_0044,2024-02-29,18:09:14,transfer,5782.24,ACC_0078,none,30.13,0
ACC_0037,2024-04-05,11:33:57,transfer,30967.63,ACC_0173,none,12.42,0
ACC_0117,2024-01-10,20:32:09,transfer,26273.72,ACC_0180,none,37.6,0
ACC_0074,2024-03-21,10:27:05,deposit,14730.72,ACC_0121,none,19.43,0
ACC_0115,2024-02-21,17:04:19,withdrawal,28951.38,ACC_0004,none,18.93,0
ACC_0136,2024-06-02,09:11:19,deposit,24086.35,ACC_0131,none,13.52,0
ACC_0138,2024-03-16,09:48:50,withdrawal,40875.94,ACC_0156,none,41.12,0
ACC_0149,2024-01-04,17:29:56,withdrawal,21350.1,ACC_0069,none,16.4,0
ACC_0069,2024-06-14,03:29:17,deposit,16046.48,ACC_0068,none,33.42,0
ACC_0109,2024-06-10,01:16:13,withdrawal,38914.62,ACC_0058,none,16.76,0
ACC_0085,2024-05-21,05:01:14,transfer,7832.63,ACC_0128,none,34.68,0
ACC_0129,2024-05-08,19:59:45,transfer,37332.86,ACC_0097,none,16.89,0
ACC_0168,2024-05-06,19:25:57,withdrawal,30576.26,ACC_0030,none,12.85,0
ACC_0065,2024-01-05,07:31:50,transfer,34672.24,ACC_0088,none,40.04,0
ACC_0144,2024-05-09,20:12:24,transfer,6793.0,ACC_0103,none,42.1,0
ACC_0098,2024-01-22,16:58:55,transfer,12592.47,ACC_0096,none,17.68,0
ACC_0105,2024-06-26,02:47:48,withdrawal,24864.9,ACC_0006,none,24.66,0
ACC_0052,2024-05-10,03:12:02,withdrawal,14651.36,ACC_0183,none,7.66,0
ACC_0020,2024-05-10,23:38:28,withdrawal,2751.01,ACC_0056,none,43.8,0
ACC_0095,2024-02-26,21:45:40,deposit,21121.58,ACC_0154,none,35.97,0
ACC_0027,2024-02-08,20:39:34,deposit,16512.05,ACC_0085,none,25.63,0
ACC_0081,2024-06-12,01:31:13,withdrawal,24900.07,ACC_0049,none,34.45,0
ACC_0146,2024-05-12,11:01:08,deposit,20479.44,ACC_0061,none,35.06,0
ACC_0169,2024-03-30,02:37:52,deposit,41229.65,ACC_0150,none,26.34,0
ACC_0143,2024-01-01,22:00:58,transfer,38752.1,ACC_0140,none,15.53,0
ACC_0001,2024-05-25,05:21:54,deposit,44647.39,ACC_0115,none,9.96,0
ACC_0170,2024-05-05,08:25:48,withdrawal,31869.69,ACC_0150,none,9.73,0
ACC_0123,2024-06-09,03:17:41,transfer,44205.09,ACC_0175,none,26.57,0
ACC_0198,2024-05-23,11:07:36,transfer,23190.07,ACC_0146,none,10.39,0
ACC_0086,2024-01-16,00:06:24,withdrawal,2572.37,ACC_0024,none,20.92,0
ACC_0106,2024-04-16,09:49:00,transfer,28379.71,ACC_0022,none,6.84,0
ACC_0040,2024-02-03,20:38:44,deposit,28225.52,ACC_0149,none,30.64,0
ACC_0121,2024-03-14,04:59:12,transfer,36954.99,ACC_0083,none,10.06,0
ACC_0122,2024-04-23,23:48:17,withdrawal,35585.72,ACC_0004,none,22.13,0
ACC_0142,2024-05-02,01:04:20,withdrawal,13683.52,ACC_0193,none,23.62,0
ACC_0174,2024-05-09,23:14:44,withdrawal,10503.75,ACC_0110,none,34.86,0
ACC_0041,2024-05-16,22:49:03,deposit,16432.74,ACC_0162,none,26.94,0
ACC_0177,2024-06-29,17:45:40,withdrawal,33726.17,ACC_0177,none,9.06,0
ACC_0023,2024-05-15,19:40:02,deposit,49155.68,ACC_0054,mule_account,100.0,1
ACC_0053,2024-01-18,15:22:00,transfer,24131.11,ACC_0031,none,5.57,0
ACC_0040,2024-02-15,01:17:36,deposit,32810.07,ACC_0091,none,40.87,0
ACC_0127,2024-03-28,21:17:07,deposit,31261.5,ACC_0093,none,39.47,0
ACC_0110,2024-02-28,03:44:52,transfer,22497.44,ACC_0160,none,38.53,0
ACC_0029,2024-03-12,03:29:04,withdrawal,28318.58,ACC_0059,none,31.14,0
ACC_0112,2024-06-27,10:36:32,deposit,14036.22,ACC_0073,none,31.84,0
ACC_0018,2024-02-29,08:48:15,withdrawal,40380.91,ACC_0018,none,29.71,0
ACC_0082,2024-04-19,04:17:03,withdrawal,2904.88,ACC_0176,none,26.9,0
ACC_0054,2024-06-14,19:04:37,deposit,8540.55,ACC_0150,none,11.88,0
ACC_0099,2024-01-22,15:59:19,transfer,24635.78,ACC_0015,none,38.63,0
ACC_0171,2024-02-15,03:41:48,withdrawal,22855.84,ACC_0069,none,15.96,0
ACC_0170,2024-01-29,13:00:37,deposit,25164.62,ACC_0167,none,41.43,0
ACC_0101,2024-01-19,16:37:49,withdrawal,26006.0,ACC_0087,none,5.65,0
ACC_0035,2024-06-10,13:18:43,transfer,16339.36,ACC_0083,none,39.6,0
ACC_0162,2024-01-30,01:50:11,withdrawal,38879.41,ACC_0071,none,35.94,0
ACC_0155,2024-01-28,06:40:12,withdrawal,36886.19,ACC_0180,none,37.15,0
ACC_0155,2024-02-04,12:25:09,deposit,31353.73,ACC_0007,none,40.62,0
ACC_0052,2024-05-31,18:33:29,deposit,44736.45,ACC_0028,none,11.71,0
ACC_0045,2024-06-20,00:51:39,withdrawal,20705.57,ACC_0026,none,28.26,0
ACC_0087,2024-04-10,15:30:12,transfer,28325.7,ACC_0136,none,19.39,0
ACC_0067,2024-04-04,23:38:29,transfer,5355.72,ACC_0101,none,42.66,0
ACC_0169,2024-03-21,00:24:33,deposit,43482.31,ACC_0115,none,39.29,0
ACC_0161,2024-04-03,07:08:59,withdrawal,2609.82,ACC_0176,none,19.88,0
ACC_0118,2024-05-12,01:37:38,deposit,13136.24,ACC_0086,none,26.86,0
ACC_0125,2024-05-14,08:26:13,transfer,35908.94,ACC_0128,none,18.41,0
ACC_0103,2024-02-28,06:31:10,deposit,36189.57,ACC_0129,none,42.08,0
ACC_0086,2024-02-22,16:29:50,deposit,36812.16,ACC_0173,none,26.94,0
ACC_0186,2024-05-15,00:33:26,transfer,17269.08,ACC_0114,none,31.55,0
ACC_0148,2024-01-05,04:31:23,withdrawal,1736.15,ACC_0024,none,10.92,0
ACC_0011,2024-05-08,05:05:33,deposit,33377.51,ACC_0190,none,8.09,0
ACC_0198,2024-06-02,18:49:11,transfer,36384.6,ACC_0187,none,35.65,0
ACC_0183,2024-06-20,16:25:32,withdrawal,19590.89,ACC_0199,none,6.13,0
ACC_0178,2024-05-03,04:58:01,withdrawal,41993.89,ACC_0007,none,38.36,0
ACC_0033,2024-02-14,23:27:34,withdrawal,35353.66,ACC_0141,none,23.98,0
ACC_0194,2024-06-14,10:21:25,deposit,32702.57,ACC_0163,none,26.67,0
ACC_0046,2024-03-24,09:15:43,deposit,23297.97,ACC_0086,none,41.53,0
ACC_0199,2024-04-05,12:37:30,withdrawal,41515.11,ACC_0038,none,41.72,0
ACC_0161,2024-01-28,18:47:29,deposit,43460.5,ACC_0197,none,16.46,0
ACC_0124,2024-05-17,10:46:40,withdrawal,15624.46,ACC_0001,none,35.24,0
ACC_0152,2024-06-10,07:47:36,deposit,37430.15,ACC_0200,none,36.15,0
ACC_0028,2024-02-02,04:26:31,withdrawal,41727.99,ACC_0091,none,27.07,0
ACC_0131,2024-02-09,15:07:17,deposit,37908.35,ACC_0156,none,34.4,0
ACC_0063,2024-03-17,22:55:09,transfer,18290.69,ACC_0124,none,16.37,0
ACC_0142,2024-02-22,17:49:13,withdrawal,19020.48,ACC_0107,none,6.7,0
ACC_0001,2024-06-23,18:50:37,transfer,8021.01,ACC_0162,none,9.29,0
ACC_0102,2024-04-16,11:18:20,transfer,955.81,ACC_0121,none,40.69,0
ACC_0060,2024-01-23,05:34:44,transfer,11726.18,ACC_0035,none,42.14,0
ACC_0130,2024-01-11,00:33:08,transfer,42831.28,ACC_0034,none,11.86,0
ACC_0151,2024-03-30,03:29:51,transfer,36561.98,ACC_0051,none,31.7,0
ACC_0010,2024-03-19,12:30:18,transfer,36166.6,ACC_0053,none,37.85,0
ACC_0173,2024-02-11,22:37:17,transfer,26986.15,ACC_0189,none,26.51,0
ACC_0175,2024-05-26,18:26:06,deposit,34221.72,ACC_0165,none,35.65,0
ACC_0043,2024-04-17,23:00:10,withdrawal,26717.55,ACC_0169,none,19.64,0
ACC_0025,2024-02-03,12:13:35,transfer,8972.31,ACC_0066,none,14.68,0
ACC_0185,2024-03-04,17:09:19,withdrawal,3776.79,ACC_0049,none,38.99,0
ACC_0105,2024-06-10,02:46:50,deposit,7342.48,ACC_0023,none,41.57,0
ACC_0053,2024-02-24,05:30:50,deposit,3917.28,ACC_0115,none,30.05,0
ACC_0162,2024-02-12,21:27:20,withdrawal,19732.11,ACC_0190,none,10.44,0
ACC_0008,2024-03-23,09:33:31,withdrawal,1969.89,ACC_0144,none,18.39,0
ACC_0087,2024-02-13,00:11:34,withdrawal,38626.15,ACC_0030,none,12.69,0
ACC_0004,2024-03-18,16:45:35,withdrawal,22496.85,ACC_0174,none,7.97,0
ACC_0088,2024-06-10,02:21:54,deposit,37245.41,ACC_0193,none,21.78,0
ACC_0152,2024-05-02,00:36:11,deposit,41026.46,ACC_0058,none,33.95,0
ACC_0008,2024-04-10,22:59:53,deposit,42174.48,ACC_0100,none,20.69,0
ACC_0184,2024-03-13,20:59:39,transfer,25653.05,ACC_0085,none,37.43,0
ACC_0092,2024-02-06,22:51:44,withdrawal,31848.21,ACC_0162,none,36.77,0
ACC_0072,2024-04-16,01:21:41,withdrawal,24408.49,ACC_0176,none,27.29,0
ACC_0078,2024-01-08,00:40:39,deposit,33213.74,ACC_0182,none,23.79,0
ACC_0009,2024-04-11,19:48:59,withdrawal,38622.73,ACC_0187,none,16.31,0
ACC_0146,2024-02-06,07:00:23,deposit,13821.66,ACC_0173,none,36.62,0
ACC_0085,2024-05-30,14:30:57,withdrawal,11802.27,ACC_0026,none,5.21,0
ACC_0172,2024-05-18,07:50:22,withdrawal,3672.11,ACC_0056,none,39.89,0
ACC_0060,2024-06-18,15:00:07,transfer,6013.58,ACC_0173,none,38.77,0
ACC_0139,2024-03-14,23:48:29,withdrawal,36254.92,ACC_0179,none,33.07,0
ACC_0006,2024-03-06,12:49:03,transfer,12600.88,ACC_0112,none,30.37,0
ACC_0119,2024-01-14,08:23:54,deposit,17385.06,ACC_0167,none,29.74,0
ACC_0182,2024-05-01,11:34:51,transfer,14666.21,ACC_0035,none,26.93,0
ACC_0012,2024-01-21,00:23:29,withdrawal,12377.92,ACC_0102,none,9.74,0
ACC_0110,2024-03-04,09:07:59,withdrawal,36776.01,ACC_0016,none,11.53,0
ACC_0015,2024-05-09,18:07:39,withdrawal,11664.52,ACC_0094,none,9.18,0
ACC_0072,2024-01-04,22:47:30,withdrawal,3947.17,ACC_0169,none,21.73,0
ACC_0134,2024-02-04,00:25:27,transfer,44434.42,ACC_0129,none,35.68,0
ACC_0128,2024-04-19,18:05:28,deposit,40260.27,ACC_0048,none,40.36,0
ACC_0156,2024-01-29,21:52:33,withdrawal,3264.56,ACC_0176,none,20.28,0
ACC_0013,2024-01-28,18:30:52,deposit,26880.63,ACC_0084,none,34.45,0
ACC_0119,2024-05-14,13:58:14,transfer,18226.0,ACC_0038,none,28.72,0
ACC_0036,2024-05-28,18:38:27,deposit,6330.56,ACC_0178,none,6.88,0
ACC_0058,2024-05-28,10:44:22,withdrawal,854.4,ACC_0118,none,44.04,0
ACC_0098,2024-05-09,14:16:09,deposit,3591.66,ACC_0115,none,43.79,0
ACC_0182,2024-01-04,08:42:46,withdrawal,10953.17,ACC_0133,none,32.32,0
ACC_0005,2024-01-01,17:13:18,transfer,14941.54,ACC_0161,none,9.43,0
ACC_0177,2024-04-02,01:02:15,transfer,546.57,ACC_0070,none,31.68,0
ACC_0002,2024-04-14,06:19:26,transfer,29510.72,ACC_0026,none,13.87,0
ACC_0182,2024-03-26,10:30:29,withdrawal,14893.61,ACC_0193,none,38.84,0
ACC_0053,2024-03-02,08:33:39,withdrawal,15694.85,ACC_0037,none,8.58,0
ACC_0098,2024-05-25,20:43:40,withdrawal,24744.8,ACC_0160,none,38.62,0
ACC_0101,2024-03-12,18:41:15,deposit,40332.24,ACC_0041,none,42.06,0
ACC_0045,2024-06-27,04:43:26,deposit,31574.26,ACC_0100,none,37.19,0
ACC_0021,2024-03-17,11:43:57,transfer,5089.98,ACC_0158,none,44.04,0
ACC_0079,2024-04-07,22:01:43,transfer,31496.4,ACC_0005,none,16.36,0
ACC_0024,2024-01-29,03:33:53,transfer,41867.52,ACC_0035,none,34.8,0
ACC_0061,2024-01-29,21:48:19,withdrawal,16104.85,ACC_0052,none,20.22,0
ACC_0042,2024-05-26,07:13:41,transfer,44773.74,ACC_0060,none,34.18,0
ACC_0155,2024-04-06,12:35:28,deposit,29593.03,ACC_0051,none,6.76,0
ACC_0145,2024-06-15,10:58:24,deposit,37327.72,ACC_0117,none,26.19,0
ACC_0187,2024-01-14,05:46:49,transfer,22851.03,ACC_0100,none,32.2,0
ACC_0087,2024-04-02,20:02:46,withdrawal,42721.52,ACC_0053,none,32.7,0
ACC_0024,2024-01-01,21:07:47,transfer,32061.4,ACC_0134,none,35.36,0
ACC_0073,2024-02-06,04:04:53,deposit,36211.6,ACC_0121,none,33.08,0
ACC_0031,2024-05-05,19:16:32,deposit,27220.16,ACC_0077,none,29.61,0
ACC_0170,2024-01-06,20:40:12,withdrawal,22736.94,ACC_0005,none,7.62,0
ACC_0099,2024-06-03,18:16:28,transfer,7497.06,ACC_0146,none,39.61,0
ACC_0167,2024-02-02,09:48:00,withdrawal,24725.47,ACC_0173,none,7.86,0
ACC_0157,2024-04-16,03:08:35,transfer,28237.13,ACC_0070,none,11.5,0
ACC_0127,2024-06-10,08:29:48,transfer,22029.61,ACC_0046,none,11.15,0
ACC_0064,2024-06-24,00:20:03,deposit,3947.35,ACC_0086,none,44.74,0
ACC_0174,2024-03-22,21:41:21,deposit,32017.96,ACC_0003,none,17.32,0
ACC_0040,2024-01-25,13:55:51,withdrawal,33757.77,ACC_0116,none,38.57,0
ACC_0163,2024-04-08,21:51:47,transfer,15768.83,ACC_0130,none,28.05,0
ACC_0098,2024-01-14,21:20:04,withdrawal,13783.88,ACC_0120,none,27.94,0
ACC_0153,2024-05-10,10:42:15,deposit,2810.4,ACC_0194,none,36.95,0
ACC_0195,2024-01-22,10:46:36,transfer,2927.99,ACC_0120,none,36.18,0
ACC_0150,2024-06-08,03:12:22,withdrawal,12113.87,ACC_0052,none,6.57,0
ACC_0020,2024-04-19,05:54:14,transfer,16542.04,ACC_0176,none,11.54,0
ACC_0113,2024-01-15,00:45:10,withdrawal,27827.7,ACC_0145,none,6.68,0
ACC_0067,2024-02-25,23:58:23,deposit,30532.84,ACC_0032,none,11.53,0
ACC_0046,2024-01-10,08:58:48,transfer,29476.84,ACC_0105,none,29.85,0
ACC_0123,2024-02-24,05:59:54,deposit,44890.65,ACC_0077,none,22.08,0
ACC_0008,2024-01-15,09:58:15,transfer,27077.93,ACC_0176,none,6.28,0
ACC_0119,2024-06-22,10:59:06,transfer,37778.99,ACC_0101,none,35.93,0
ACC_0173,2024-06-01,10:12:58,withdrawal,40423.86,ACC_0082,none,25.3,0
ACC_0165,2024-06-09,08:35:18,transfer,40376.45,ACC_0027,none,32.5,0
ACC_0051,2024-05-09,07:15:48,deposit,9140.27,ACC_0145,none,14.24,0
ACC_0010,2024-06-20,02:38:45,deposit,49122.1,ACC_0027,mule_account,100.0,1
ACC_0137,2024-04-21,00:15:33,transfer,29841.23,ACC_0006,none,16.74,0
ACC_0127,2024-06-02,05:33:13,deposit,23675.11,ACC_0192,none,28.53,0
ACC_0029,2024-03-05,02:55:05,transfer,41705.33,ACC_0173,none,24.02,0
ACC_0156,2024-05-28,00:21:28,deposit,13444.9,ACC_0158,none,9.81,0
ACC_0001,2024-02-14,03:04:32,transfer,33549.37,ACC_0019,none,18.58,0
ACC_0123,2024-06-15,05:07:22,deposit,38900.5,ACC_0040,none,43.58,0
ACC_0033,2024-06-05,23:06:42,deposit,40472.94,ACC_0154,none,29.37,0
ACC_0102,2024-01-19,13:04:24,transfer,42251.28,ACC_0027,none,12.84,0
ACC_0002,2024-01-17,23:03:24,transfer,43450.71,ACC_0156,none,40.94,0
ACC_0058,2024-02-03,21:16:26,withdrawal,10959.19,ACC_0159,none,40.69,0
ACC_0018,2024-02-14,09:03:19,withdrawal,34743.0,ACC_0014,none,33.51,0
ACC_0061,2024-05-02,13:52:38,withdrawal,8692.94,ACC_0013,none,10.58,0
ACC_0199,2024-01-10,17:50:56,deposit,7478.07,ACC_0021,none,7.32,0
ACC_0012,2024-05-27,10:06:08,transfer,31424.34,ACC_0037,none,15.17,0
ACC_0169,2024-04-06,15:23:50,deposit,10847.7,ACC_0084,none,39.92,0
ACC_0104,2024-01-15,20:26:03,transfer,12311.65,ACC_0062,none,25.22,0
ACC_0036,2024-01-02,05:55:07,deposit,15230.62,ACC_0026,none,10.86,0
ACC_0143,2024-05-02,00:26:41,deposit,9497.7,ACC_0058,none,21.89,0
ACC_0085,2024-04-01,03:11:22,transfer,4753.97,ACC_0099,none,39.89,0
ACC_0153,2024-05-23,06:25:47,transfer,42287.1,ACC_0136,none,38.35,0
ACC_0155,2024-03-15,12:44:16,withdrawal,31215.32,ACC_0001,none,37.02,0
ACC_0028,2024-04-19,20:01:30,withdrawal,27422.85,ACC_0044,none,23.56,0
ACC_0110,2024-05-11,18:58:22,deposit,29809.15,ACC_0043,none,10.75,0
ACC_0128,2024-01-05,22:45:13,transfer,3037.44,ACC_0017,none,11.55,0
ACC_0166,2024-02-16,21:26:35,withdrawal,6921.22,ACC_0191,none,9.43,0
ACC_0125,2024-04-28,14:33:34,deposit,21675.1,ACC_0090,none,21.17,0
ACC_0063,2024-04-23,00:10:45,withdrawal,43180.71,ACC_0008,none,30.35,0
ACC_0157,2024-03-10,22:06:52,deposit,35079.88,ACC_0045,none,41.34,0
ACC_0132,2024-05-12,07:44:18,deposit,11121.95,ACC_0139,none,34.8,0
ACC_0100,2024-03-20,20:19:43,transfer,12090.52,ACC_0158,none,25.87,0
ACC_0183,2024-03-29,00:55:26,withdrawal,4865.18,ACC_0179,none,10.88,0
ACC_0035,2024-03-24,06:42:18,withdrawal,28759.56,ACC_0035,none,31.35,0
ACC_0184,2024-05-01,22:08:54,transfer,1109.79,ACC_0166,none,5.5,0
ACC_0016,2024-01-16,11:37:36,deposit,2801.58,ACC_0198,none,21.05,0
ACC_0077,2024-06-23,16:59:44,transfer,27753.57,ACC_0120,none,41.61,0
ACC_0024,2024-02-19,05:18:49,transfer,35758.84,ACC_0189,none,20.56,0
ACC_0024,2024-06-18,20:31:02,withdrawal,37390.98,ACC_0094,none,18.44,0
ACC_0093,2024-03-27,20:01:31,withdrawal,38300.31,ACC_0050,none,20.58,0
ACC_0158,2024-05-01,19:25:47,withdrawal,35513.01,ACC_0096,none,33.63,0
ACC_0088,2024-01-27,04:33:33,withdrawal,34688.36,ACC_0071,none,31.59,0
ACC_0044,2024-02-27,16:19:39,withdrawal,21896.75,ACC_0140,none,32.42,0
ACC_0047,2024-04-22,07:45:07,deposit,25354.87,ACC_0160,none,7.96,0
ACC_0197,2024-04-11,19:27:48,transfer,19760.5,ACC_0167,none,5.23,0
ACC_0045,2024-04-26,01:35:45,deposit,29119.19,ACC_0018,none,38.03,0
ACC_0059,2024-05-17,07:20:41,transfer,21583.58,ACC_0147,none,35.55,0
ACC_0077,2024-05-02,05:39:54,deposit,34870.94,ACC_0084,none,31.73,0
ACC_0100,2024-01-07,14:48:03,transfer,30067.21,ACC_0122,none,26.82,0
ACC_0105,2024-04-06,16:24:25,transfer,13068.47,ACC_0196,none,35.84,0
ACC_0063,2024-02-11,00:03:38,withdrawal,34924.67,ACC_0153,none,20.1,0
ACC_0194,2024-05-23,04:26:52,withdrawal,43469.68,ACC_0032,none,30.63,0
ACC_0096,2024-06-20,21:34:07,withdrawal,44927.46,ACC_0102,none,36.52,0
ACC_0123,2024-05-16,01:33:24,withdrawal,44916.97,ACC_0037,none,18.03,0
ACC_0042,2024-06-29,10:44:00,withdrawal,12833.7,ACC_0144,none,9.71,0
ACC_0078,2024-01-17,07:14:25,deposit,1750.2,ACC_0071,none,29.7,0
ACC_0163,2024-01-07,08:30:12,withdrawal,22700.22,ACC_0023,none,29.96,0
ACC_0142,2024-06-12,08:26:14,transfer,19715.19,ACC_0184,none,44.81,0
ACC_0199,2024-05-12,04:03:53,deposit,23806.93,ACC_0048,none,32.6,0
ACC_0021,2024-06-04,14:35:27,transfer,8700.4,ACC_0146,none,15.59,0
ACC_0190,2024-01-13,13:07:46,withdrawal,30773.23,ACC_0165,none,13.44,0
ACC_0120,2024-02-22,20:30:49,withdrawal,43220.6,ACC_0150,none,15.98,0
ACC_0040,2024-02-16,04:13:40,deposit,19980.85,ACC_0106,none,15.04,0
ACC_0022,2024-02-22,11:29:31,transfer,3816.68,ACC_0014,none,24.18,0
ACC_0172,2024-04-28,04:25:11,withdrawal,6733.71,ACC_0064,none,8.41,0
ACC_0138,2024-02-16,06:18:38,deposit,40703.72,ACC_0046,none,24.98,0
ACC_0017,2024-01-31,13:47:08,transfer,28183.09,ACC_0054,none,21.34,0
ACC_0083,2024-03-30,06:55:21,deposit,22121.69,ACC_0024,none,24.77,0
ACC_0185,2024-03-14,20:42:15,deposit,6603.64,ACC_0066,none,8.48,0
ACC_0164,2024-03-06,04:42:26,withdrawal,40176.62,ACC_0026,none,42.84,0
ACC_0105,2024-02-29,02:33:04,deposit,35571.56,ACC_0174,none,23.81,0
ACC_0055,2024-02-04,06:01:37,withdrawal,18552.23,ACC_0172,none,25.33,0
ACC_0001,2024-05-09,12:53:51,transfer,19019.75,ACC_0018,none,10.51,0
ACC_0171,2024-05-05,00:09:51,transfer,27511.84,ACC_0043,none,19.13,0
ACC_0109,2024-06-14,23:50:05,withdrawal,41844.62,ACC_0112,none,42.98,0
ACC_0084,2024-02-22,12:15:03,transfer,10817.57,ACC_0197,none,23.82,0
ACC_0057,2024-06-15,10:18:13,deposit,7734.08,ACC_0006,none,10.17,0
ACC_0090,2024-04-05,04:31:48,deposit,43866.38,ACC_0180,none,15.18,0
ACC_0052,2024-05-28,09:31:04,withdrawal,38495.34,ACC_0170,none,34.78,0
ACC_0071,2024-04-29,05:39:28,withdrawal,21139.83,ACC_0195,none,13.29,0
ACC_0197,2024-03-18,23:22:14,withdrawal,11445.13,ACC_0151,none,30.03,0
ACC_0006,2024-01-18,04:16:16,transfer,13039.0,ACC_0183,none,8.25,0
ACC_0125,2024-05-11,15:18:27,withdrawal,31840.24,ACC_0017,none,36.94,0
ACC_0054,2024-06-05,23:52:27,transfer,16845.18,ACC_0034,none,27.66,0
ACC_0045,2024-04-28,15:50:33,deposit,4705.42,ACC_0143,none,25.97,0
ACC_0099,2024-01-14,19:51:06,withdrawal,9011.0,ACC_0143,none,11.17,0
ACC_0169,2024-04-24,12:52:47,deposit,42789.4,ACC_0083,none,20.26,0
ACC_0057,2024-06-11,08:52:32,deposit,18005.79,ACC_0067,none,41.44,0
ACC_0154,2024-03-22,03:02:56,withdrawal,25176.79,ACC_0035,none,42.17,0
ACC_0086,2024-03-28,01:53:22,deposit,6510.06,ACC_0144,none,18.35,0
ACC_0138,2024-01-18,00:38:42,transfer,33036.76,ACC_0023,none,19.03,0
ACC_0151,2024-06-01,01:47:26,withdrawal,41860.96,ACC_0197,none,12.67,0
ACC_0081,2024-01-23,07:44:00,deposit,27348.27,ACC_0095,none,16.68,0
ACC_0125,2024-03-25,12:31:24,transfer,43663.36,ACC_0001,none,6.6,0
ACC_0131,2024-03-17,21:22:21,transfer,32965.66,ACC_0005,none,12.03,0
ACC_0002,2024-06-21,07:53:57,withdrawal,24559.7,ACC_0067,none,15.48,0
ACC_0200,2024-01-24,22:00:20,deposit,38923.77,ACC_0064,none,37.5,0
ACC_0081,2024-04-06,04:17:01,transfer,17950.81,ACC_0049,none,21.62,0
ACC_0080,2024-06-15,13:50:43,transfer,8560.13,ACC_0148,none,21.94,0
ACC_0134,2024-06-08,07:17:34,deposit,15802.04,ACC_0163,none,13.82,0
ACC_0121,2024-04-11,11:35:56,deposit,28885.18,ACC_0107,none,32.89,0
ACC_0015,2024-06-28,08:01:37,transfer,37741.69,ACC_0195,none,42.03,0
ACC_0080,2024-04-28,11:54:37,deposit,22887.95,ACC_0101,none,18.52,0
ACC_0046,2024-03-19,13:42:54,transfer,23845.02,ACC_0123,none,6.99,0
ACC_0103,2024-06-11,02:34:14,deposit,9637.74,ACC_0092,none,22.09,0
ACC_0095,2024-02-19,23:03:55,transfer,43185.21,ACC_0143,none,38.39,0
ACC_0160,2024-04-10,12:20:40,transfer,5229.94,ACC_0163,none,12.84,0
ACC_0172,2024-04-21,08:37:06,withdrawal,17406.25,ACC_0184,none,14.73,0
ACC_0088,2024-05-27,15:32:58,transfer,2175.52,ACC_0194,none,12.38,0
ACC_0037,2024-04-29,00:19:08,deposit,37514.29,ACC_0030,none,29.01,0
ACC_0026,2024-05-14,00:59:08,deposit,16876.87,ACC_0183,none,43.43,0
ACC_0054,2024-05-22,15:54:20,withdrawal,2222.89,ACC_0197,none,7.21,0
ACC_0126,2024-05-24,02:46:21,transfer,15794.78,ACC_0008,none,12.37,0
ACC_0115,2024-05-23,00:10:32,deposit,7236.09,ACC_0078,none,26.52,0
ACC_0073,2024-04-14,23:32:42,transfer,11001.23,ACC_0149,none,28.57,0
ACC_0125,2024-05-13,15:16:24,withdrawal,23197.95,ACC_0194,none,30.82,0
ACC_0173,2024-03-02,23:41:50,transfer,26689.92,ACC_0157,none,24.62,0
ACC_0117,2024-06-14,04:44:28,deposit,36875.74,ACC_0161,none,21.39,0
ACC_0200,2024-06-20,07:29:54,withdrawal,8500.95,ACC_0033,none,40.05,0
ACC_0070,2024-03-28,06:29:03,deposit,43369.14,ACC_0011,none,20.58,0
ACC_0151,2024-01-23,22:52:34,withdrawal,1070.9,ACC_0091,none,44.9,0
ACC_0179,2024-02-17,05:59:37,deposit,28074.5,ACC_0055,none,10.64,0
ACC_0186,2024-04-19,14:30:07,transfer,14080.9,ACC_0040,none,37.76,0
ACC_0086,2024-05-31,23:11:14,deposit,3061.13,ACC_0056,none,27.08,0
ACC_0119,2024-06-17,21:51:14,transfer,27238.28,ACC_0002,none,11.33,0
ACC_0100,2024-03-06,13:00:41,deposit,40202.31,ACC_0148,none,37.2,0
ACC_0033,2024-01-06,10:37:27,withdrawal,26016.66,ACC_0068,none,23.77,0
ACC_0196,2024-05-18,16:55:39,transfer,833.15,ACC_0183,none,40.14,0
ACC_0045,2024-04-23,00:20:12,withdrawal,33663.73,ACC_0117,none,30.36,0
ACC_0092,2024-03-01,15:13:09,transfer,36737.79,ACC_0193,none,11.35,0
ACC_0162,2024-06-26,02:27:23,transfer,31793.91,ACC_0057,none,25.35,0
ACC_0198,2024-04-16,05:18:12,deposit,21106.08,ACC_0109,none,11.75,0
ACC_0002,2024-03-05,03:36:13,transfer,17458.65,ACC_0142,none,33.22,0
ACC_0162,2024-06-13,20:56:36,withdrawal,8031.07,ACC_0200,none,13.97,0
ACC_0109,2024-05-23,06:50:35,withdrawal,14088.91,ACC_0152,none,9.65,0
ACC_0096,2024-04-02,04:12:19,deposit,23377.17,ACC_0080,none,5.56,0
ACC_0027,2024-05-07,15:59:24,transfer,24391.36,ACC_0033,none,20.18,0
ACC_0182,2024-03-26,06:10:16,transfer,25391.51,ACC_0119,none,23.57,0
ACC_0020,2024-05-16,01:22:20,deposit,30942.39,ACC_0010,none,13.06,0
ACC_0023,2024-06-26,04:24:26,withdrawal,8283.58,ACC_0022,none,39.62,0
ACC_0097,2024-03-10,21:03:04,transfer,2665.03,ACC_0032,none,13.93,0
ACC_0115,2024-01-29,02:11:24,transfer,19753.33,ACC_0168,none,22.44,0
ACC_0147,2024-04-21,17:15:39,deposit,12622.68,ACC_0177,none,32.13,0
ACC_0121,2024-05-29,17:48:38,withdrawal,31345.25,ACC_0159,none,10.78,0
ACC_0177,2024-01-22,12:14:52,withdrawal,30425.54,ACC_0153,none,38.03,0
ACC_0076,2024-04-10,03:18:26,deposit,31750.58,ACC_0188,none,33.39,0
ACC_0023,2024-04-23,04:45:16,transfer,6885.55,ACC_0102,none,24.23,0
ACC_0150,2024-05-31,09:52:05,transfer,3205.57,ACC_0041,none,14.91,0
ACC_0088,2024-04-06,04:48:13,deposit,8096.31,ACC_0088,none,17.37,0
ACC_0156,2024-06-17,08:37:50,transfer,5040.07,ACC_0040,none,14.5,0
ACC_0049,2024-04-12,20:43:45,transfer,36864.26,ACC_0112,none,33.45,0
ACC_0190,2024-01-17,09:57:55,withdrawal,36317.3,ACC_0093,none,17.07,0
ACC_0020,2024-03-09,09:09:24,transfer,13719.91,ACC_0061,none,43.61,0
ACC_0057,2024-05-07,21:52:55,transfer,1302.75,ACC_0176,none,26.24,0
ACC_0118,2024-05-03,11:20:35,deposit,6403.95,ACC_0125,none,34.76,0
ACC_0091,2024-06-15,00:39:36,withdrawal,33359.41,ACC_0068,none,8.92,0
ACC_0146,2024-05-18,19:35:27,withdrawal,32519.33,ACC_0084,none,41.02,0
ACC_0191,2024-05-03,22:32:32,deposit,2964.28,ACC_0038,none,23.57,0
ACC_0088,2024-06-08,11:31:27,withdrawal,37031.68,ACC_0126,none,15.66,0
ACC_0055,2024-03-20,23:13:44,withdrawal,14398.48,ACC_0168,none,26.89,0
ACC_0181,2024-06-11,11:01:06,withdrawal,24278.34,ACC_0092,none,43.49,0
ACC_0144,2024-05-26,08:10:58,withdrawal,31092.63,ACC_0196,none,29.55,0
ACC_0179,2024-01-29,22:05:10,withdrawal,44641.72,ACC_0194,none,10.96,0
ACC_0029,2024-04-18,17:34:56,transfer,43926.08,ACC_0136,none,27.01,0
ACC_0022,2024-04-07,15:59:36,deposit,8342.77,ACC_0036,none,27.48,0
ACC_0013,2024-05-26,14:42:22,withdrawal,15254.38,ACC_0021,none,22.97,0
ACC_0080,2024-06-01,19:55:49,transfer,15550.71,ACC_0006,none,31.62,0
ACC_0115,2024-04-03,12:53:06,withdrawal,39940.91,ACC_0185,none,38.02,0
ACC_0064,2024-02-22,20:24:56,deposit,13805.78,ACC_0118,none,10.79,0
ACC_0100,2024-03-19,02:21:49,deposit,5929.71,ACC_0146,none,20.75,0
ACC_0199,2024-04-18,10:28:37,deposit,31539.73,ACC_0115,none,6.8,0
ACC_0112,2024-06-19,02:58:51,deposit,15018.94,ACC_0101,none,21.28,0
ACC_0094,2024-06-02,01:42:19,deposit,28981.81,ACC_0162,none,41.18,0
ACC_0170,2024-02-16,23:24:29,transfer,18509.34,ACC_0110,none,31.32,0
ACC_0128,2024-06-11,06:13:17,withdrawal,44635.25,ACC_0082,none,10.97,0
ACC_0033,2024-03-11,08:37:25,deposit,7381.3,ACC_0099,none,22.49,0
ACC_0019,2024-05-18,07:54:54,deposit,24200.71,ACC_0131,none,32.51,0
ACC_0185,2024-04-26,21:21:41,deposit,9288.1,ACC_0122,none,12.96,0
ACC_0130,2024-01-21,17:49:40,transfer,33869.55,ACC_0156,none,13.73,0
ACC_0100,2024-02-25,19:52:40,deposit,41093.9,ACC_0033,none,28.97,0
ACC_0083,2024-03-19,19:07:52,withdrawal,40400.29,ACC_0037,none,36.49,0
ACC_0092,2024-04-15,13:15:13,withdrawal,18259.88,ACC_0135,none,26.31,0
ACC_0189,2024-04-18,12:56:50,withdrawal,22244.18,ACC_0015,none,28.45,0
ACC_0029,2024-06-07,03:40:28,withdrawal,37760.44,ACC_0092,none,42.72,0
ACC_0084,2024-04-07,11:26:12,transfer,38703.28,ACC_0136,none,29.56,0
ACC_0011,2024-06-02,18:23:34,deposit,42579.72,ACC_0004,none,11.61,0
ACC_0005,2024-04-23,18:57:51,withdrawal,13349.67,ACC_0055,none,20.62,0
ACC_0164,2024-04-09,23:40:36,withdrawal,3680.77,ACC_0147,none,6.65,0
ACC_0119,2024-05-03,12:02:41,withdrawal,28376.7,ACC_0119,none,37.3,0
ACC_0036,2024-03-27,16:04:08,withdrawal,36746.24,ACC_0188,none,27.75,0
ACC_0181,2024-06-06,20:57:37,transfer,21488.16,ACC_0198,none,29.64,0
ACC_0040,2024-02-22,01:43:14,withdrawal,14582.52,ACC_0161,none,33.01,0
ACC_0025,2024-05-03,18:55:16,withdrawal,26118.81,ACC_0150,none,24.53,0
ACC_0183,2024-05-27,17:41:56,withdrawal,18113.69,ACC_0058,none,38.61,0
ACC_0067,2024-02-24,01:34:52,transfer,6680.07,ACC_0033,none,11.52,0
ACC_0180,2024-05-01,20:19:13,deposit,38272.18,ACC_0199,none,11.51,0
ACC_0154,2024-05-04,11:10:39,transfer,2614.7,ACC_0115,none,30.32,0
ACC_0187,2024-04-23,06:10:40,transfer,20740.11,ACC_0065,none,12.73,0
ACC_0114,2024-01-31,18:23:52,transfer,31611.53,ACC_0144,none,38.71,0
ACC_0114,2024-04-13,12:33:15,withdrawal,33469.1,ACC_0004,none,8.96,0
ACC_0089,2024-04-23,22:15:56,withdrawal,43644.23,ACC_0001,none,31.1,0
ACC_0132,2024-06-10,18:46:53,transfer,13966.76,ACC_0124,none,41.06,0
ACC_0168,2024-02-23,21:20:58,withdrawal,33993.03,ACC_0177,none,41.96,0
ACC_0031,2024-01-07,16:10:47,withdrawal,22753.88,ACC_0009,none,38.01,0
ACC_0088,2024-03-03,15:38:48,deposit,25889.68,ACC_0042,none,37.8,0
ACC_0166,2024-03-13,19:36:22,transfer,44897.73,ACC_0167,none,36.44,0
ACC_0028,2024-01-26,17:14:38,withdrawal,9264.05,ACC_0180,none,26.17,0
ACC_0176,2024-01-12,06:54:05,transfer,20277.68,ACC_0108,none,36.61,0
ACC_0059,2024-02-28,15:21:21,deposit,32897.73,ACC_0179,none,24.24,0
ACC_0190,2024-01-27,09:18:12,withdrawal,36912.29,ACC_0153,none,11.68,0
ACC_0102,2024-05-03,07:31:50,withdrawal,22328.87,ACC_0181,none,40.38,0
ACC_0174,2024-02-06,13:32:53,transfer,10955.87,ACC_0021,none,37.99,0
ACC_0164,2024-03-15,21:40:27,transfer,19821.78,ACC_0190,none,14.16,0
ACC_0174,2024-03-06,22:47:46,withdrawal,16925.26,ACC_0150,none,19.69,0
ACC_0096,2024-03-11,16:49:30,deposit,27928.79,ACC_0086,none,26.02,0
ACC_0153,2024-06-06,11:15:48,transfer,33451.46,ACC_0084,none,40.36,0
ACC_0134,2024-01-17,03:24:36,deposit,38384.14,ACC_0160,none,36.86,0
ACC_0001,2024-05-14,20:52:34,withdrawal,19841.34,ACC_0178,none,16.21,0
ACC_0142,2024-06-20,18:08:44,transfer,30144.18,ACC_0074,none,31.88,0
ACC_0003,2024-03-15,11:55:10,transfer,18331.67,ACC_0059,none,37.59,0
ACC_0189,2024-01-03,20:00:12,transfer,30022.66,ACC_0089,none,34.11,0
ACC_0067,2024-02-29,00:47:15,transfer,21129.01,ACC_0182,none,41.69,0
ACC_0079,2024-02-18,19:41:33,transfer,12641.58,ACC_0125,none,35.53,0
ACC_0175,2024-02-22,04:16:17,transfer,10389.4,ACC_0027,none,39.97,0
ACC_0050,2024-05-13,02:28:03,transfer,42302.96,ACC_0105,none,36.91,0
ACC_0048,2024-04-21,23:16:19,withdrawal,35091.15,ACC_0184,none,9.39,0
ACC_0070,2024-06-08,06:34:03,transfer,8973.56,ACC_0056,none,42.38,0
ACC_0180,2024-01-08,23:55:52,withdrawal,25119.63,ACC_0052,none,9.14,0
ACC_0076,2024-01-13,07:18:52,transfer,36172.21,ACC_0108,none,11.38,0
ACC_0122,2024-01-25,01:00:08,transfer,42347.53,ACC_0079,none,26.0,0
ACC_0137,2024-05-22,04:22:11,withdrawal,15778.25,ACC_0143,none,44.8,0
ACC_0033,2024-04-22,23:21:35,transfer,21352.74,ACC_0127,none,16.97,0
ACC_0106,2024-06-01,20:33:50,transfer,21213.78,ACC_0023,none,12.67,0
ACC_0053,2024-03-14,06:04:06,deposit,34908.01,ACC_0011,none,35.63,0
ACC_0112,2024-01-05,16:52:25,transfer,27692.52,ACC_0151,none,39.95,0
ACC_0128,2024-01-14,12:18:37,withdrawal,23619.83,ACC_0009,none,12.89,0
ACC_0090,2024-01-07,23:16:11,transfer,43651.03,ACC_0108,none,7.57,0
ACC_0066,2024-02-17,11:39:08,deposit,7875.4,ACC_0047,none,36.97,0
ACC_0183,2024-01-11,15:05:44,deposit,4679.35,ACC_0077,none,42.87,0
ACC_0199,2024-01-15,05:51:44,transfer,19022.79,ACC_0131,none,22.77,0
ACC_0087,2024-04-26,01:58:18,deposit,1516.96,ACC_0035,none,37.14,0
ACC_0078,2024-05-04,02:35:06,deposit,21188.72,ACC_0130,none,7.88,0
ACC_0105,2024-02-23,04:51:15,deposit,14754.8,ACC_0172,none,14.5,0
ACC_0049,2024-06-17,04:30:37,transfer,25729.2,ACC_0034,none,17.1,0
ACC_0035,2024-01-20,08:27:13,transfer,34719.94,ACC_0167,none,17.09,0
ACC_0155,2024-06-10,15:09:19,transfer,43668.82,ACC_0087,none,32.04,0
ACC_0172,2024-02-16,15:40:33,transfer,3710.39,ACC_0172,none,17.29,0
ACC_0010,2024-01-16,00:38:39,transfer,39696.75,ACC_0072,none,27.51,0
ACC_0185,2024-01-10,19:05:11,transfer,25729.43,ACC_0028,none,5.83,0
ACC_0054,2024-01-21,18:19:25,deposit,6554.91,ACC_0046,none,20.31,0
ACC_0035,2024-05-26,07:24:33,withdrawal,21636.53,ACC_0178,none,19.3,0
ACC_0118,2024-03-07,14:03:54,withdrawal,44213.34,ACC_0015,none,20.65,0
ACC_0019,2024-04-05,18:36:31,withdrawal,11866.93,ACC_0034,none,30.73,0
ACC_0061,2024-04-26,04:45:24,withdrawal,1861.26,ACC_0078,none,12.76,0
ACC_0081,2024-04-05,16:44:31,transfer,36140.53,ACC_0072,none,13.8,0
ACC_0047,2024-02-03,14:06:19,deposit,18983.5,ACC_0062,none,41.63,0
ACC_0120,2024-03-26,05:38:55,transfer,19753.09,ACC_0190,none,34.35,0
ACC_0008,2024-04-02,08:52:22,deposit,1444.65,ACC_0180,none,8.18,0
ACC_0163,2024-06-25,17:25:31,deposit,43025.43,ACC_0059,none,34.61,0
ACC_0096,2024-04-12,21:37:53,withdrawal,26570.67,ACC_0198,none,24.73,0
ACC_0017,2024-05-21,11:35:07,withdrawal,28908.31,ACC_0156,none,37.1,0
ACC_0042,2024-05-11,20:11:59,transfer,16596.79,ACC_0058,none,29.31,0
ACC_0070,2024-06-13,15:28:07,deposit,37541.51,ACC_0027,none,18.43,0
ACC_0076,2024-04-06,23:18:52,deposit,35011.65,ACC_0050,none,14.0,0
ACC_0170,2024-04-14,01:17:37,transfer,37042.51,ACC_0153,none,37.72,0
ACC_0100,2024-01-20,18:05:34,deposit,13261.97,ACC_0122,none,34.25,0
ACC_0048,2024-02-08,17:13:05,withdrawal,35286.54,ACC_0173,none,8.72,0
ACC_0063,2024-02-22,11:43:32,withdrawal,18218.57,ACC_0129,none,8.21,0
ACC_0022,2024-05-05,04:30:37,deposit,36720.52,ACC_0101,none,20.67,0
ACC_0031,2024-05-25,10:22:29,withdrawal,33393.0,ACC_0111,none,26.17,0
ACC_0078,2024-05-15,11:29:06,transfer,41067.02,ACC_0119,none,36.46,0
ACC_0078,2024-01-21,15:57:18,withdrawal,15583.38,ACC_0054,none,5.13,0
ACC_0150,2024-01-08,15:35:44,transfer,32141.63,ACC_0185,none,24.68,0
ACC_0009,2024-05-25,12:14:09,transfer,35724.6,ACC_0110,none,9.69,0
ACC_0038,2024-02-15,13:15:05,withdrawal,36294.45,ACC_0167,none,25.95,0
ACC_0134,2024-03-24,18:49:03,transfer,25267.73,ACC_0088,none,25.0,0
ACC_0055,2024-04-01,02:48:47,withdrawal,5427.66,ACC_0171,none,31.15,0
ACC_0143,2024-02-05,09:04:07,deposit,11413.69,ACC_0022,none,39.83,0
ACC_0189,2024-02-11,14:34:31,withdrawal,27643.55,ACC_0137,none,19.48,0
ACC_0018,2024-03-26,00:43:26,transfer,42874.4,ACC_0067,none,30.1,0
ACC_0144,2024-02-26,08:55:27,deposit,19066.06,ACC_0013,none,9.5,0
ACC_0193,2024-02-19,06:34:41,withdrawal,43986.75,ACC_0016,none,38.67,0
ACC_0081,2024-01-02,23:12:40,deposit,32489.56,ACC_0165,none,30.18,0
ACC_0025,2024-05-24,03:36:53,transfer,38403.18,ACC_0039,none,33.54,0
ACC_0030,2024-04-13,13:01:55,deposit,15885.03,ACC_0126,none,10.44,0
ACC_0104,2024-02-05,11:25:02,transfer,22618.34,ACC_0138,none,23.4,0
ACC_0115,2024-01-07,06:35:11,deposit,34840.32,ACC_0160,none,31.63,0
ACC_0029,2024-01-15,22:46:15,deposit,25913.35,ACC_0186,none,32.8,0
ACC_0086,2024-06-15,12:12:49,withdrawal,5596.82,ACC_0026,none,44.54,0
ACC_0006,2024-02-05,07:56:47,withdrawal,44495.57,ACC_0139,none,31.97,0
ACC_0161,2024-03-25,21:43:23,withdrawal,41484.09,ACC_0055,none,9.42,0
ACC_0011,2024-04-18,13:40:03,transfer,35124.53,ACC_0039,none,22.4,0
ACC_0063,2024-05-24,23:57:19,deposit,14267.84,ACC_0132,none,12.26,0
ACC_0057,2024-04-02,03:08:16,withdrawal,18318.94,ACC_0056,none,42.79,0
ACC_0183,2024-02-21,23:41:01,withdrawal,9708.82,ACC_0178,none,36.13,0
ACC_0121,2024-04-10,16:28:20,withdrawal,28635.29,ACC_0183,none,38.61,0
ACC_0138,2024-05-09,17:29:11,transfer,28382.59,ACC_0075,none,30.52,0
ACC_0057,2024-04-25,05:13:36,withdrawal,36703.49,ACC_0157,none,8.96,0
ACC_0172,2024-05-03,09:43:14,deposit,40040.52,ACC_0177,none,28.96,0
ACC_0042,2024-06-04,13:45:06,deposit,44577.98,ACC_0126,none,28.24,0
ACC_0175,2024-06-25,00:45:39,transfer,15344.64,ACC_0100,none,32.97,0
ACC_0179,2024-03-13,08:13:39,withdrawal,4310.68,ACC_0124,none,32.95,0
ACC_0045,2024-01-07,06:44:29,deposit,16801.21,ACC_0060,none,37.58,0
ACC_0075,2024-05-14,11:46:49,withdrawal,13355.54,ACC_0055,none,23.47,0
ACC_0079,2024-04-17,13:59:04,withdrawal,17454.39,ACC_0154,none,17.73,0
ACC_0002,2024-06-24,01:13:18,deposit,25866.41,ACC_0013,none,38.4,0
ACC_0111,2024-04-02,06:32:47,deposit,21189.55,ACC_0108,none,36.34,0
ACC_0010,2024-06-07,01:14:24,withdrawal,41191.77,ACC_0128,none,7.34,0
ACC_0017,2024-03-05,10:22:47,deposit,44796.64,ACC_0092,none,22.0,0
ACC_0091,2024-02-04,12:53:12,deposit,29005.13,ACC_0193,none,35.94,0
ACC_0001,2024-01-28,22:29:08,deposit,23209.25,ACC_0182,none,8.55,0
ACC_0127,2024-01-31,09:49:36,withdrawal,1216.01,ACC_0118,none,5.76,0
ACC_0191,2024-01-06,04:12:45,withdrawal,1188.1,ACC_0062,none,15.56,0
ACC_0142,2024-04-05,05:07:15,deposit,40871.02,ACC_0180,none,17.04,0
ACC_0179,2024-03-09,21:34:06,transfer,44248.4,ACC_0007,none,44.46,0
ACC_0137,2024-01-09,22:24:52,withdrawal,37807.72,ACC_0054,none,18.21,0
ACC_0146,2024-03-18,02:56:05,withdrawal,10140.59,ACC_0140,none,16.74,0
ACC_0181,2024-03-12,20:02:06,transfer,24930.56,ACC_0005,none,34.02,0
ACC_0007,2024-03-20,16:41:22,deposit,18556.43,ACC_0050,none,39.12,0
ACC_0076,2024-01-30,08:39:22,transfer,10605.05,ACC_0020,none,10.61,0
ACC_0057,2024-05-12,01:58:34,deposit,9567.03,ACC_0119,none,23.23,0
ACC_0117,2024-04-08,16:03:36,withdrawal,38523.59,ACC_0200,none,13.63,0
ACC_0010,2024-03-03,07:34:45,deposit,18462.46,ACC_0007,none,5.44,0
ACC_0185,2024-06-20,13:26:12,deposit,24544.44,ACC_0108,none,7.88,0
ACC_0047,2024-03-30,08:20:00,withdrawal,31560.22,ACC_0189,none,24.53,0
ACC_0055,2024-05-12,12:39:49,withdrawal,36962.51,ACC_0147,none,28.19,0
ACC_0161,2024-01-12,01:16:55,transfer,40423.87,ACC_0191,none,37.84,0
ACC_0064,2024-02-13,17:25:13,withdrawal,26791.77,ACC_0124,none,18.6,0
ACC_0166,2024-01-26,13:48:01,transfer,6736.32,ACC_0075,none,43.29,0
ACC_0162,2024-05-12,13:00:17,withdrawal,38918.85,ACC_0193,none,40.31,0
ACC_0169,2024-04-07,07:09:54,transfer,7571.4,ACC_0160,none,6.18,0
ACC_0096,2024-02-03,07:01:39,deposit,1384.33,ACC_0017,none,7.9,0
ACC_0053,2024-01-13,04:17:59,transfer,6219.94,ACC_0133,none,5.4,0
ACC_0120,2024-01-27,07:29:07,deposit,7005.92,ACC_0099,none,39.95,0
ACC_0121,2024-03-31,00:06:02,transfer,2308.05,ACC_0192,none,41.4,0
ACC_0182,2024-05-06,09:22:32,deposit,44180.92,ACC_0144,none,5.67,0
ACC_0095,2024-03-23,08:32:46,deposit,12844.42,ACC_0183,none,32.62,0
ACC_0172,2024-02-10,08:59:17,deposit,38897.04,ACC_0088,none,18.5,0
ACC_0075,2024-03-29,14:40:26,deposit,24892.69,ACC_0098,none,35.43,0
ACC_0121,2024-02-05,02:06:05,withdrawal,37927.69,ACC_0171,none,31.88,0
ACC_0142,2024-03-31,05:16:17,withdrawal,33232.1,ACC_0011,none,34.62,0
ACC_0174,2024-05-06,11:31:19,deposit,2451.31,ACC_0002,none,38.65,0
ACC_0104,2024-05-16,18:14:28,transfer,37172.04,ACC_0016,none,30.55,0
ACC_0001,2024-06-03,10:07:34,transfer,2766.86,ACC_0175,none,35.39,0
ACC_0152,2024-03-05,11:51:24,transfer,12731.96,ACC_0042,none,36.57,0
ACC_0187,2024-03-12,23:31:39,withdrawal,23574.47,ACC_0164,none,33.47,0
ACC_0013,2024-02-16,04:29:26,deposit,19551.34,ACC_0128,none,34.35,0
ACC_0195,2024-04-11,16:51:58,transfer,19893.9,ACC_0051,none,36.55,0
ACC_0104,2024-02-08,13:13:48,deposit,17944.51,ACC_0042,none,35.77,0
ACC_0181,2024-03-24,08:50:07,transfer,20321.32,ACC_0113,none,27.51,0
ACC_0147,2024-01-31,15:23:55,deposit,15312.16,ACC_0195,none,22.72,0
ACC_0006,2024-04-18,19:46:42,deposit,17902.91,ACC_0094,none,10.63,0
ACC_0058,2024-05-14,21:41:03,deposit,2691.47,ACC_0195,none,12.21,0
ACC_0170,2024-04-03,21:27:01,withdrawal,25911.75,ACC_0079,none,26.44,0
ACC_0066,2024-04-02,18:05:07,transfer,35868.01,ACC_0140,none,30.1,0
ACC_0124,2024-02-24,13:57:50,deposit,39310.6,ACC_0067,none,33.89,0
ACC_0181,2024-05-26,03:45:18,deposit,2610.45,ACC_0027,none,16.65,0
ACC_0054,2024-06-22,23:40:34,deposit,43043.35,ACC_0172,none,18.33,0
ACC_0045,2024-02-28,10:38:54,transfer,28114.68,ACC_0090,none,29.68,0
ACC_0091,2024-02-02,05:26:49,transfer,15866.7,ACC_0140,none,42.83,0
ACC_0147,2024-03-21,13:02:06,withdrawal,11320.88,ACC_0193,none,35.26,0
ACC_0089,2024-06-28,21:24:18,deposit,6718.18,ACC_0078,none,21.64,0
ACC_0181,2024-06-04,21:38:08,transfer,26837.0,ACC_0090,none,27.5,0
ACC_0020,2024-02-07,12:08:27,withdrawal,2701.6,ACC_0056,none,23.8,0
ACC_0001,2024-03-19,23:40:49,transfer,32385.87,ACC_0177,none,6.3,0
ACC_0076,2024-02-01,09:39:48,transfer,36981.22,ACC_0083,none,7.2,0
ACC_0044,2024-05-11,10:56:39,deposit,14453.89,ACC_0073,none,8.24,0
ACC_0083,2024-04-22,04:45:07,transfer,37242.22,ACC_0061,none,37.03,0
ACC_0186,2024-02-23,15:07:38,transfer,25929.23,ACC_0157,none,8.47,0
ACC_0095,2024-04-22,06:19:09,deposit,3863.5,ACC_0185,none,6.39,0
ACC_0142,2024-01-31,19:28:34,deposit,43894.67,ACC_0085,none,16.48,0
ACC_0188,2024-01-17,22:41:11,deposit,29016.51,ACC_0170,none,31.57,0
ACC_0095,2024-04-25,15:13:53,transfer,28304.04,ACC_0181,none,16.23,0
ACC_0029,2024-01-26,03:20:13,withdrawal,14608.0,ACC_0067,none,43.3,0
ACC_0042,2024-03-24,01:26:19,deposit,11330.23,ACC_0089,none,13.62,0
ACC_0084,2024-05-11,17:16:18,transfer,28199.12,ACC_0060,none,33.49,0
ACC_0061,2024-04-01,01:47:21,transfer,24311.63,ACC_0020,none,42.04,0
ACC_0190,2024-02-19,21:16:35,withdrawal,14468.38,ACC_0089,none,18.5,0
ACC_0148,2024-04-07,20:03:07,withdrawal,44374.02,ACC_0016,none,19.69,0
ACC_0073,2024-04-15,06:42:00,transfer,24046.72,ACC_0170,none,42.06,0
ACC_0045,2024-01-26,05:40:16,withdrawal,8343.85,ACC_0001,none,21.97,0
ACC_0114,2024-01-20,23:57:00,withdrawal,6345.61,ACC_0178,none,31.81,0
ACC_0106,2024-04-25,19:13:57,withdrawal,36830.19,ACC_0143,none,26.73,0
ACC_0170,2024-05-04,06:04:00,transfer,32227.28,ACC_0023,none,28.13,0
ACC_0051,2024-06-16,21:31:09,withdrawal,28454.89,ACC_0027,none,34.87,0
ACC_0042,2024-04-26,09:45:57,transfer,10824.3,ACC_0051,none,16.87,0
ACC_0084,2024-04-23,03:48:32,transfer,27036.68,ACC_0191,none,26.36,0
ACC_0118,2024-01-11,01:19:23,deposit,24691.11,ACC_0051,none,35.08,0
ACC_0150,2024-05-18,23:16:39,transfer,28985.0,ACC_0115,none,8.11,0
ACC_0123,2024-04-27,11:18:13,withdrawal,16331.32,ACC_0135,none,31.86,0
ACC_0116,2024-06-15,14:15:30,deposit,4110.53,ACC_0025,none,28.14,0
ACC_0041,2024-05-17,10:10:58,withdrawal,701.62,ACC_0067,none,44.35,0
ACC_0079,2024-01-04,07:45:29,deposit,10394.19,ACC_0110,none,41.2,0
ACC_0138,2024-03-04,09:23:20,transfer,9698.09,ACC_0130,none,19.17,0
ACC_0161,2024-01-15,18:53:06,withdrawal,24420.37,ACC_0038,none,41.55,0
ACC_0200,2024-03-15,21:59:51,withdrawal,9739.19,ACC_0068,none,35.7,0
ACC_0020,2024-04-01,23:26:57,deposit,1006.0,ACC_0077,none,30.78,0
ACC_0044,2024-03-16,11:22:02,withdrawal,34752.91,ACC_0200,none,7.24,0
ACC_0137,2024-05-12,00:14:03,deposit,39625.84,ACC_0063,none,23.6,0
ACC_0050,2024-01-09,18:48:48,deposit,28371.13,ACC_0077,none,16.19,0
ACC_0190,2024-02-17,10:57:55,transfer,31413.46,ACC_0145,none,32.26,0
ACC_0128,2024-02-19,10:45:39,withdrawal,11925.78,ACC_0150,none,41.01,0
ACC_0056,2024-02-26,11:09:35,transfer,13816.55,ACC_0076,none,5.21,0
ACC_0125,2024-05-28,17:59:20,deposit,19487.3,ACC_0198,none,35.93,0
ACC_0077,2024-02-29,04:32:54,transfer,42056.11,ACC_0042,none,7.85,0
ACC_0034,2024-05-27,04:27:02,deposit,32862.47,ACC_0010,none,42.37,0
ACC_0175,2024-05-02,12:27:32,transfer,3077.96,ACC_0153,none,42.75,0
ACC_0040,2024-03-21,11:04:18,transfer,8194.88,ACC_0143,none,29.94,0
ACC_0108,2024-04-16,07:56:43,transfer,42228.64,ACC_0109,none,23.24,0
ACC_0078,2024-04-22,14:11:17,deposit,27290.12,ACC_0113,none,7.82,0
ACC_0086,2024-04-15,10:57:25,transfer,21198.62,ACC_0072,none,24.91,0
ACC_0096,2024-04-17,06:27:06,deposit,43972.04,ACC_0159,none,7.91,0
ACC_0108,2024-06-08,16:57:44,withdrawal,23557.07,ACC_0005,none,36.25,0
ACC_0122,2024-06-21,13:06:16,withdrawal,28116.2,ACC_0179,none,17.4,0
ACC_0081,2024-01-10,07:07:30,transfer,41408.56,ACC_0019,none,42.02,0
ACC_0029,2024-01-11,21:30:16,transfer,23182.87,ACC_0076,none,17.11,0
ACC_0014,2024-06-14,20:43:56,deposit,22246.44,ACC_0007,none,5.81,0
ACC_0135,2024-06-13,19:19:48,transfer,9456.47,ACC_0067,none,21.5,0
ACC_0048,2024-06-23,11:35:57,deposit,35121.61,ACC_0123,none,33.37,0
ACC_0194,2024-04-17,12:27:39,transfer,8379.72,ACC_0019,none,14.59,0
ACC_0018,2024-04-28,00:45:13,withdrawal,3129.53,ACC_0057,none,9.96,0
ACC_0016,2024-01-13,11:11:22,deposit,35804.6,ACC_0027,none,14.12,0
ACC_0043,2024-05-15,07:03:55,withdrawal,22742.82,ACC_0120,none,13.97,0
ACC_0071,2024-03-21,08:39:13,deposit,34739.17,ACC_0055,none,33.3,0
ACC_0107,2024-02-26,18:35:19,transfer,41442.45,ACC_0101,none,27.42,0
ACC_0041,2024-03-10,00:38:51,deposit,15743.07,ACC_0158,none,38.66,0
ACC_0067,2024-01-08,22:46:10,transfer,7680.32,ACC_0050,none,19.62,0
ACC_0141,2024-02-10,04:19:40,deposit,15551.07,ACC_0138,none,34.14,0
ACC_0007,2024-05-18,18:38:29,deposit,5264.11,ACC_0037,none,35.13,0
ACC_0074,2024-01-14,03:10:11,withdrawal,32829.08,ACC_0091,none,10.68,0
ACC_0120,2024-01-19,19:21:14,transfer,22389.31,ACC_0155,none,23.23,0
ACC_0181,2024-06-18,21:15:10,withdrawal,16733.19,ACC_0108,none,33.23,0
ACC_0170,2024-05-05,00:21:07,deposit,30777.41,ACC_0100,none,33.83,0
ACC_0105,2024-03-27,10:36:44,deposit,25091.74,ACC_0003,none,7.3,0
ACC_0107,2024-02-03,03:03:11,deposit,24357.67,ACC_0108,none,11.73,0
ACC_0153,2024-06-16,18:23:57,withdrawal,27490.66,ACC_0092,none,28.84,0
ACC_0061,2024-06-28,14:10:22,withdrawal,14844.27,ACC_0195,none,41.53,0
ACC_0004,2024-03-07,02:43:59,withdrawal,16805.26,ACC_0158,none,5.13,0
ACC_0002,2024-03-21,16:19:22,deposit,40790.24,ACC_0024,none,31.69,0
ACC_0084,2024-04-23,16:53:16,deposit,5468.53,ACC_0183,none,43.87,0
ACC_0117,2024-05-02,02:32:59,withdrawal,36994.51,ACC_0054,none,36.98,0
ACC_0181,2024-01-01,15:01:05,withdrawal,28576.44,ACC_0096,none,13.69,0
ACC_0118,2024-03-22,14:39:24,deposit,23464.33,ACC_0164,none,12.83,0
ACC_0016,2024-01-20,00:31:48,deposit,33078.07,ACC_0035,none,22.53,0
ACC_0026,2024-06-25,13:42:53,deposit,22711.05,ACC_0111,none,25.29,0
ACC_0167,2024-04-10,23:12:26,transfer,4666.38,ACC_0033,none,5.35,0
ACC_0084,2024-05-17,20:46:50,transfer,4267.42,ACC_0012,none,23.76,0
ACC_0049,2024-06-18,23:05:23,withdrawal,24833.35,ACC_0175,none,14.44,0
ACC_0043,2024-05-16,14:08:30,deposit,21375.85,ACC_0183,none,34.7,0
ACC_0137,2024-03-26,11:55:34,deposit,34197.62,ACC_0144,none,38.25,0
ACC_0164,2024-05-14,20:33:51,withdrawal,1058.39,ACC_0197,none,30.85,0
ACC_0006,2024-05-21,05:22:47,deposit,6964.23,ACC_0142,none,39.16,0
ACC_0033,2024-04-22,17:01:51,withdrawal,5677.84,ACC_0127,none,24.19,0
ACC_0094,2024-01-20,07:52:16,deposit,20049.67,ACC_0137,none,42.03,0
ACC_0186,2024-01-22,17:43:39,transfer,12153.98,ACC_0086,none,18.48,0
ACC_0135,2024-03-15,17:03:46,deposit,8447.26,ACC_0145,none,29.38,0
ACC_0144,2024-01-03,22:02:58,deposit,49250.49,ACC_0128,layering,100.0,1
ACC_0198,2024-06-17,22:12:21,deposit,29226.59,ACC_0166,none,44.45,0
ACC_0146,2024-01-14,23:13:58,transfer,24690.08,ACC_0049,none,40.0,0
ACC_0046,2024-01-02,17:45:54,withdrawal,24154.61,ACC_0198,none,7.4,0
ACC_0170,2024-06-02,03:40:55,withdrawal,41010.73,ACC_0064,none,30.08,0
ACC_0060,2024-06-29,16:43:46,transfer,28635.65,ACC_0148,none,40.66,0
ACC_0007,2024-04-09,09:06:38,deposit,10187.42,ACC_0103,none,19.21,0
ACC_0123,2024-06-20,19:10:30,transfer,16461.57,ACC_0178,none,21.87,0
ACC_0009,2024-01-30,23:15:02,withdrawal,7581.67,ACC_0038,none,7.65,0
ACC_0033,2024-04-11,02:19:31,deposit,33663.82,ACC_0001,none,26.96,0
ACC_0139,2024-04-17,12:04:36,deposit,38383.84,ACC_0122,none,39.16,0
ACC_0092,2024-01-19,23:56:38,transfer,33032.12,ACC_0129,none,42.24,0
ACC_0064,2024-01-06,10:22:01,deposit,9757.22,ACC_0106,none,6.48,0
ACC_0138,2024-05-27,15:46:47,deposit,8478.04,ACC_0199,none,35.65,0
ACC_0160,2024-05-30,06:51:33,deposit,1179.05,ACC_0136,none,24.01,0
ACC_0025,2024-01-31,16:06:31,withdrawal,5452.05,ACC_0051,none,22.67,0
ACC_0161,2024-06-22,06:11:07,withdrawal,14803.56,ACC_0164,none,41.15,0
ACC_0137,2024-03-24,13:54:27,transfer,1306.67,ACC_0094,none,14.62,0
ACC_0076,2024-05-15,11:48:14,transfer,14692.82,ACC_0071,none,39.73,0
ACC_0118,2024-04-20,07:18:42,transfer,18507.63,ACC_0015,none,11.07,0
ACC_0180,2024-04-02,13:18:06,withdrawal,8597.65,ACC_0028,none,22.46,0
ACC_0192,2024-04-06,23:27:47,deposit,35152.12,ACC_0167,none,29.53,0
ACC_0113,2024-03-28,14:18:37,deposit,44954.3,ACC_0018,none,33.17,0
ACC_0079,2024-02-13,16:24:16,deposit,26394.58,ACC_0189,none,20.99,0
ACC_0158,2024-05-19,23:56:28,transfer,11936.48,ACC_0167,none,27.65,0
ACC_0159,2024-02-22,06:55:21,deposit,29877.59,ACC_0024,none,21.4,0
ACC_0096,2024-01-26,05:37:01,transfer,23864.85,ACC_0043,none,34.75,0
ACC_0189,2024-04-19,13:32:25,withdrawal,7663.88,ACC_0147,none,19.65,0
ACC_0087,2024-02-20,06:09:35,deposit,17182.78,ACC_0150,none,8.87,0
ACC_0150,2024-02-03,08:52:01,withdrawal,29251.1,ACC_0097,none,16.9,0
ACC_0109,2024-01-01,18:25:09,withdrawal,32354.91,ACC_0073,none,13.37,0
ACC_0187,2024-02-17,16:23:32,deposit,31004.46,ACC_0034,none,18.65,0
ACC_0101,2024-04-06,02:28:15,withdrawal,7863.99,ACC_0175,none,27.37,0
ACC_0075,2024-05-08,22:28:22,deposit,38708.61,ACC_0057,none,22.52,0
ACC_0193,2024-02-16,17:56:47,transfer,20258.55,ACC_0159,none,23.35,0
ACC_0060,2024-05-01,08:12:31,transfer,27102.37,ACC_0040,none,43.51,0
ACC_0031,2024-04-10,21:56:16,transfer,33249.17,ACC_0139,none,44.35,0
ACC_0041,2024-06-12,05:30:57,withdrawal,9856.86,ACC_0069,none,41.74,0
ACC_0006,2024-04-10,11:54:51,withdrawal,31080.74,ACC_0112,none,7.92,0
ACC_0096,2024-04-01,23:22:34,transfer,5791.88,ACC_0125,none,34.0,0
ACC_0093,2024-01-09,19:00:09,deposit,37151.02,ACC_0174,none,27.93,0
ACC_0094,2024-03-06,13:24:37,deposit,21066.37,ACC_0098,none,39.16,0
ACC_0127,2024-02-24,02:17:42,deposit,18360.27,ACC_0160,none,27.74,0
ACC_0142,2024-02-27,03:27:28,withdrawal,20274.72,ACC_0200,none,37.74,0
ACC_0026,2024-02-24,10:28:47,withdrawal,35682.71,ACC_0043,none,10.24,0
ACC_0173,2024-01-14,00:28:12,transfer,6063.24,ACC_0062,none,26.26,0
ACC_0101,2024-01-04,17:24:53,transfer,12584.44,ACC_0165,none,24.58,0
ACC_0001,2024-03-25,16:35:18,transfer,36973.97,ACC_0005,none,11.2,0
ACC_0099,2024-03-31,07:44:47,transfer,6641.48,ACC_0053,none,43.85,0
ACC_0160,2024-03-03,18:06:43,withdrawal,4433.71,ACC_0068,none,11.28,0
ACC_0196,2024-02-10,11:08:25,transfer,15286.09,ACC_0071,none,31.44,0
ACC_0134,2024-05-02,19:59:33,deposit,13905.18,ACC_0073,none,20.57,0
ACC_0160,2024-03-18,00:45:11,withdrawal,28621.49,ACC_0094,none,43.62,0
ACC_0138,2024-04-17,02:13:59,deposit,1830.58,ACC_0095,none,44.52,0
ACC_0084,2024-05-02,13:30:23,withdrawal,18252.9,ACC_0054,none,24.4,0
ACC_0082,2024-03-16,06:44:21,withdrawal,15235.15,ACC_0028,none,11.99,0
ACC_0193,2024-03-04,16:06:21,deposit,2113.06,ACC_0130,none,13.69,0
ACC_0068,2024-05-06,03:29:44,transfer,41631.9,ACC_0020,none,33.43,0
ACC_0105,2024-04-16,02:24:15,deposit,49044.37,ACC_0172,layering,100.0,1
ACC_0124,2024-05-08,23:03:42,deposit,26600.78,ACC_0043,none,29.5,0
ACC_0183,2024-01-13,14:59:33,transfer,39791.38,ACC_0158,none,20.37,0
ACC_0045,2024-03-28,20:24:13,withdrawal,32663.27,ACC_0092,none,28.13,0
ACC_0188,2024-01-31,13:54:22,withdrawal,4880.47,ACC_0168,none,43.46,0
ACC_0118,2024-04-15,08:57:10,deposit,8019.41,ACC_0070,none,21.62,0
ACC_0019,2024-05-02,06:36:13,deposit,27557.04,ACC_0092,none,32.5,0
ACC_0076,2024-05-27,05:06:04,transfer,28848.44,ACC_0133,none,36.76,0
ACC_0014,2024-01-21,23:32:45,deposit,49631.64,ACC_0182,layering,100.0,1
ACC_0157,2024-03-05,07:41:19,withdrawal,26582.71,ACC_0119,none,32.14,0
ACC_0122,2024-05-30,12:25:15,transfer,10893.52,ACC_0048,none,10.07,0
ACC_0075,2024-01-27,23:26:38,withdrawal,15365.37,ACC_0047,none,17.37,0
ACC_0061,2024-05-12,04:30:09,withdrawal,27693.41,ACC_0017,none,35.84,0
ACC_0006,2024-06-06,17:44:56,withdrawal,19777.6,ACC_0186,none,29.04,0
ACC_0117,2024-04-12,15:26:34,transfer,11546.3,ACC_0052,none,13.41,0
ACC_0193,2024-01-04,13:03:00,transfer,35141.77,ACC_0184,none,41.74,0
ACC_0140,2024-03-20,03:29:22,withdrawal,28851.36,ACC_0037,none,15.6,0
ACC_0037,2024-04-18,20:54:43,deposit,9106.52,ACC_0118,none,38.2,0
ACC_0020,2024-02-22,13:30:40,transfer,32634.63,ACC_0053,none,16.89,0
ACC_0078,2024-03-07,02:17:33,withdrawal,1311.26,ACC_0024,none,15.98,0
ACC_0089,2024-04-27,05:20:42,withdrawal,21350.48,ACC_0114,none,43.63,0
ACC_0162,2024-02-29,12:56:06,transfer,42375.99,ACC_0105,none,26.54,0
ACC_0188,2024-05-01,22:13:21,transfer,1024.99,ACC_0085,none,16.14,0
ACC_0009,2024-03-04,05:32:58,deposit,15493.38,ACC_0012,none,26.41,0
ACC_0063,2024-04-16,20:34:49,deposit,35941.4,ACC_0126,none,11.78,0
ACC_0155,2024-05-28,12:17:06,withdrawal,23848.78,ACC_0174,none,27.86,0
ACC_0096,2024-01-04,15:36:11,deposit,38877.01,ACC_0075,none,10.23,0
ACC_0093,2024-06-20,15:19:10,withdrawal,16460.84,ACC_0198,none,22.96,0
ACC_0040,2024-06-21,09:51:13,withdrawal,4547.89,ACC_0174,none,40.05,0
ACC_0028,2024-05-18,08:08:29,transfer,5446.42,ACC_0073,none,5.92,0
ACC_0158,2024-05-19,14:13:42,transfer,13106.04,ACC_0045,none,27.53,0
ACC_0127,2024-04-10,21:25:55,deposit,36548.71,ACC_0020,none,28.71,0
ACC_0085,2024-05-06,03:24:27,deposit,3132.33,ACC_0026,none,27.59,0
ACC_0061,2024-04-23,08:12:53,deposit,38555.44,ACC_0094,none,16.73,0
ACC_0130,2024-03-09,09:34:25,deposit,15442.56,ACC_0149,none,29.41,0
ACC_0115,2024-02-24,17:26:20,deposit,41698.46,ACC_0185,none,37.54,0
ACC_0168,2024-01-17,19:40:34,deposit,16406.56,ACC_0022,none,42.73,0
ACC_0156,2024-01-04,18:05:17,transfer,7832.24,ACC_0012,none,15.78,0
ACC_0021,2024-03-07,01:21:10,deposit,6119.47,ACC_0075,none,31.77,0
ACC_0028,2024-04-22,04:38:18,deposit,21880.48,ACC_0110,none,10.55,0
ACC_0173,2024-04-10,14:27:56,transfer,43349.08,ACC_0017,none,26.5,0
ACC_0147,2024-04-08,04:56:39,transfer,30743.56,ACC_0026,none,35.54,0
ACC_0177,2024-01-30,11:17:58,deposit,1219.63,ACC_0151,none,26.26,0
ACC_0093,2024-06-06,19:12:53,withdrawal,20927.06,ACC_0182,none,32.71,0
ACC_0189,2024-04-14,04:21:14,deposit,13197.33,ACC_0013,none,11.22,0
ACC_0194,2024-06-17,06:48:46,transfer,5085.69,ACC_0080,none,27.37,0
ACC_0137,2024-02-27,06:00:07,withdrawal,27425.62,ACC_0131,none,23.71,0
ACC_0030,2024-01-10,15:31:44,deposit,27001.59,ACC_0045,none,18.67,0
ACC_0047,2024-05-05,06:38:14,transfer,34756.73,ACC_0041,none,14.68,0
ACC_0134,2024-03-10,23:25:09,withdrawal,14546.5,ACC_0086,none,5.57,0
ACC_0020,2024-04-22,01:07:30,transfer,26003.43,ACC_0055,none,20.92,0
ACC_0019,2024-06-01,14:01:29,transfer,26262.27,ACC_0069,none,14.43,0
ACC_0151,2024-04-23,02:42:11,transfer,1024.76,ACC_0126,none,18.23,0
ACC_0065,2024-02-28,12:48:35,withdrawal,31765.33,ACC_0039,none,10.65,0
ACC_0032,2024-02-02,16:54:54,transfer,6635.48,ACC_0160,none,41.53,0
ACC_0088,2024-04-10,16:28:29,transfer,14516.22,ACC_0169,none,28.74,0
ACC_0108,2024-03-15,21:51:34,withdrawal,13372.1,ACC_0192,none,24.43,0
ACC_0066,2024-04-29,19:54:31,deposit,30174.26,ACC_0146,none,22.9,0
ACC_0143,2024-02-21,17:12:39,withdrawal,3723.27,ACC_0119,none,13.2,0
ACC_0137,2024-02-04,17:37:13,withdrawal,33009.93,ACC_0199,none,6.13,0
ACC_0146,2024-06-03,00:29:55,transfer,31410.99,ACC_0103,none,5.97,0
ACC_0092,2024-03-31,16:41:12,deposit,24713.85,ACC_0179,none,14.02,0
ACC_0125,2024-01-25,00:54:06,transfer,44020.73,ACC_0155,none,15.31,0
ACC_0084,2024-05-01,00:56:55,transfer,42256.72,ACC_0015,none,33.21,0
ACC_0028,2024-04-07,19:05:17,withdrawal,4220.66,ACC_0149,none,10.52,0
ACC_0069,2024-02-14,13:05:29,withdrawal,30343.95,ACC_0039,none,26.77,0
ACC_0030,2024-05-21,23:44:49,deposit,40245.75,ACC_0172,none,32.16,0
ACC_0053,2024-02-27,16:33:35,deposit,4725.24,ACC_0192,none,14.29,0
ACC_0168,2024-03-14,08:20:09,deposit,38401.81,ACC_0017,none,31.04,0
ACC_0046,2024-03-01,03:43:04,transfer,32217.84,ACC_0014,none,32.63,0
ACC_0029,2024-04-10,21:32:53,deposit,27757.46,ACC_0128,none,12.42,0
ACC_0166,2024-03-08,12:10:10,withdrawal,32331.7,ACC_0140,none,33.03,0
ACC_0174,2024-04-22,19:05:19,withdrawal,20710.86,ACC_0014,none,14.14,0
ACC_0055,2024-05-13,05:49:21,deposit,2560.43,ACC_0177,none,5.17,0
ACC_0026,2024-02-15,10:14:18,transfer,6117.07,ACC_0017,none,19.38,0
ACC_0200,2024-05-31,16:13:28,transfer,38921.32,ACC_0115,none,29.33,0
ACC_0133,2024-04-11,08:55:43,withdrawal,38370.56,ACC_0120,none,39.41,0
ACC_0196,2024-06-10,09:52:44,transfer,33112.07,ACC_0033,none,25.44,0
ACC_0094,2024-03-23,08:40:36,transfer,24896.93,ACC_0173,none,41.87,0
ACC_0173,2024-06-15,21:43:28,transfer,43049.04,ACC_0088,none,11.46,0
ACC_0028,2024-04-30,16:56:31,withdrawal,35128.59,ACC_0157,none,28.32,0
ACC_0177,2024-02-09,05:23:00,deposit,33738.61,ACC_0119,none,33.79,0
ACC_0086,2024-01-01,09:16:35,transfer,8155.29,ACC_0032,none,35.58,0
ACC_0168,2024-03-23,19:54:46,deposit,2361.96,ACC_0064,none,34.23,0
ACC_0187,2024-05-07,05:00:25,deposit,33328.9,ACC_0189,none,38.56,0
ACC_0180,2024-01-05,18:09:44,transfer,34594.02,ACC_0172,none,21.21,0
ACC_0137,2024-03-02,08:38:32,deposit,15091.87,ACC_0163,none,20.34,0
ACC_0190,2024-04-05,16:28:11,deposit,35817.9,ACC_0139,none,36.23,0
ACC_0105,2024-03-27,19:28:24,transfer,37279.87,ACC_0179,none,36.85,0
ACC_0048,2024-05-22,08:21:10,withdrawal,35023.25,ACC_0154,none,41.91,0
ACC_0129,2024-01-20,09:31:59,withdrawal,30124.81,ACC_0171,none,23.53,0
ACC_0001,2024-03-14,01:34:31,deposit,7037.87,ACC_0104,none,41.97,0
ACC_0087,2024-03-13,20:45:29,deposit,15009.34,ACC_0186,none,18.28,0
ACC_0179,2024-05-20,09:10:52,deposit,29202.33,ACC_0015,none,20.09,0
ACC_0019,2024-03-16,18:06:12,deposit,5288.46,ACC_0172,none,29.11,0
ACC_0055,2024-05-17,03:07:18,withdrawal,38162.06,ACC_0036,none,35.45,0
ACC_0065,2024-01-02,10:52:00,withdrawal,17513.69,ACC_0046,none,38.51,0
ACC_0010,2024-05-03,08:44:33,transfer,36638.59,ACC_0066,none,15.87,0
ACC_0181,2024-05-11,18:45:47,transfer,38748.98,ACC_0002,none,44.85,0
ACC_0028,2024-05-10,08:01:44,deposit,49058.98,ACC_0144,shell_company,100.0,1
ACC_0067,2024-05-21,13:22:14,deposit,1876.69,ACC_0182,none,5.83,0
ACC_0072,2024-01-18,14:53:45,deposit,4637.79,ACC_0200,none,40.17,0
ACC_0015,2024-05-20,02:21:07,deposit,41652.6,ACC_0074,none,14.38,0
ACC_0195,2024-02-09,01:19:16,deposit,27925.55,ACC_0166,none,38.88,0
ACC_0099,2024-02-04,21:42:01,deposit,23802.13,ACC_0125,none,36.01,0
ACC_0083,2024-05-17,10:20:52,deposit,36490.4,ACC_0168,none,36.34,0
ACC_0071,2024-05-22,21:54:26,deposit,37325.2,ACC_0138,none,15.88,0
ACC_0150,2024-06-13,03:48:15,withdrawal,27958.6,ACC_0031,none,31.49,0
ACC_0166,2024-04-26,11:27:15,deposit,4663.47,ACC_0064,none,22.82,0
ACC_0197,2024-03-29,12:12:12,deposit,49061.0,ACC_0158,mule_account,100.0,1
ACC_0074,2024-06-16,10:17:11,deposit,20977.65,ACC_0151,none,18.69,0
ACC_0164,2024-05-23,13:39:05,transfer,1567.93,ACC_0192,none,24.64,0
ACC_0027,2024-05-09,20:46:48,deposit,6778.2,ACC_0031,none,8.23,0
ACC_0036,2024-04-07,12:52:25,transfer,11656.0,ACC_0180,none,43.58,0
ACC_0096,2024-06-24,16:15:45,deposit,2202.13,ACC_0104,none,25.31,0
ACC_0106,2024-05-31,10:42:49,withdrawal,3951.58,ACC_0147,none,18.46,0
ACC_0064,2024-01-21,05:32:06,withdrawal,23640.2,ACC_0066,none,28.41,0
ACC_0136,2024-01-24,03:45:30,withdrawal,27772.33,ACC_0143,none,16.17,0
ACC_0048,2024-06-21,13:53:21,deposit,28064.4,ACC_0006,none,44.64,0
ACC_0198,2024-01-03,03:57:18,transfer,16221.71,ACC_0197,none,6.05,0
ACC_0027,2024-01-23,01:35:02,deposit,7274.53,ACC_0165,none,10.44,0
ACC_0198,2024-06-29,04:51:40,deposit,30300.82,ACC_0009,none,31.34,0
ACC_0002,2024-06-03,08:32:46,deposit,34024.54,ACC_0043,none,10.01,0
ACC_0101,2024-04-06,12:05:59,withdrawal,16038.28,ACC_0086,none,29.23,0
ACC_0112,2024-06-24,19:36:24,transfer,35942.81,ACC_0153,none,40.6,0
ACC_0099,2024-05-25,17:14:52,transfer,32861.97,ACC_0021,none,42.94,0
ACC_0082,2024-02-25,10:51:57,deposit,29309.98,ACC_0159,none,27.97,0
ACC_0075,2024-06-01,06:07:43,withdrawal,7449.14,ACC_0075,none,34.98,0
ACC_0195,2024-04-15,09:35:22,withdrawal,31196.76,ACC_0188,none,8.49,0
ACC_0092,2024-02-09,17:57:27,deposit,9153.47,ACC_0055,none,44.08,0
ACC_0083,2024-03-10,09:42:20,withdrawal,32428.78,ACC_0182,none,17.95,0
ACC_0010,2024-01-19,17:18:30,transfer,16958.86,ACC_0062,none,33.2,0
ACC_0115,2024-06-02,07:50:08,transfer,14936.7,ACC_0062,none,18.13,0
