account_id,date,time,type,amount,related_account
ACC_0655,2024-01-29,00:54:38,transfer,6499.85,ACC_0143
ACC_0755,2024-01-27,19:51:22,deposit,14967.07,ACC_0033
ACC_0031,2024-01-24,07:57:37,withdrawal,12881.2,ACC_0028
ACC_0575,2024-02-20,23:39:41,payment,5900.8,ACC_0604
ACC_0285,2024-01-02,05:48:46,payment,8836.14,ACC_0160
ACC_0221,2024-03-27,03:43:16,deposit,9808.22,ACC_0368
ACC_0868,2024-03-29,21:58:51,transfer,20274.64,ACC_0748
ACC_0471,2024-05-17,04:32:41,payment,2430.6,ACC_0301
ACC_0850,2024-06-09,22:31:10,transfer,14645.13,ACC_0722
ACC_0072,2024-01-12,08:17:51,transfer,24637.93,ACC_0876
ACC_0239,2024-01-26,13:50:23,transfer,11608.55,ACC_0855
ACC_0374,2024-02-11,13:28:40,transfer,5632.92,ACC_0274
ACC_0719,2024-06-23,23:35:39,deposit,15423.71,ACC_0176
ACC_0547,2024-03-03,05:56:57,payment,9796.66,ACC_SUS_048
ACC_0656,2024-06-25,20:16:40,withdrawal,17273.05,ACC_0864
ACC_0787,2024-01-15,08:20:21,deposit,20223.62,ACC_0411
ACC_0275,2024-01-17,07:40:53,transfer,5709.35,ACC_0512
ACC_0406,2024-06-13,16:42:22,withdrawal,6989.56,ACC_0253
ACC_0763,2024-05-23,19:37:24,transfer,18801.84,ACC_0439
ACC_0598,2024-04-12,13:10:47,withdrawal,24934.48,ACC_0142
ACC_0522,2024-05-06,03:18:35,deposit,21597.02,ACC_0157
ACC_0643,2024-02-10,15:22:13,deposit,9926.8,ACC_0611
ACC_0480,2024-05-15,09:09:13,deposit,17166.94,ACC_0118
ACC_0699,2024-05-17,09:42:53,transfer,3233.03,ACC_0446
ACC_0162,2024-04-26,00:07:05,transfer,24311.26,ACC_0781
ACC_0183,2024-05-09,03:52:27,transfer,21120.9,ACC_0520
ACC_0624,2024-02-20,05:33:52,transfer,19181.51,ACC_0553
ACC_0798,2024-05-15,00:01:14,transfer,12470.84,ACC_0115
ACC_0372,2024-03-19,08:43:05,deposit,6401.35,ACC_0581
ACC_0081,2024-01-22,17:41:39,deposit,24460.62,ACC_0546
ACC_0785,2024-02-02,04:40:28,payment,23697.79,ACC_0170
ACC_0272,2024-05-15,22:05:07,payment,24126.89,ACC_SUS_052
ACC_0553,2024-06-25,07:19:25,transfer,10275.31,ACC_0688
ACC_0666,2024-04-05,15:57:02,payment,3464.6,ACC_0231
ACC_0066,2024-03-27,00:45:57,withdrawal,14916.78,ACC_0008
ACC_0073,2024-06-10,02:08:36,withdrawal,2151.31,ACC_0033
ACC_0881,2024-03-25,02:34:47,withdrawal,7322.69,ACC_0498
ACC_0220,2024-05-18,04:49:02,payment,6453.43,ACC_0485
ACC_0827,2024-04-14,06:55:57,deposit,2874.8,ACC_0442
ACC_0363,2024-04-18,14:58:03,payment,21664.0,ACC_0056
ACC_0690,2024-06-16,23:31:36,deposit,1985.01,ACC_0746
ACC_0348,2024-01-28,09:03:11,withdrawal,5160.12,ACC_0460
ACC_0144,2024-04-18,06:40:50,transfer,11834.39,ACC_0896
ACC_0078,2024-04-23,20:02:12,deposit,1739.41,ACC_0554
ACC_0857,2024-01-04,03:23:44,withdrawal,4574.62,ACC_0498
ACC_0493,2024-02-24,14:36:05,deposit,4533.61,ACC_0003
ACC_0400,2024-03-08,16:33:58,transfer,10863.68,ACC_SUS_081
ACC_0749,2024-05-22,17:43:08,withdrawal,5152.5,ACC_0223
ACC_0060,2024-05-28,19:44:26,deposit,18825.4,ACC_0059
ACC_0052,2024-05-29,17:21:33,withdrawal,1893.55,ACC_0521
ACC_0083,2024-02-17,02:29:41,deposit,17042.71,ACC_0241
ACC_0414,2024-01-31,20:44:28,withdrawal,14683.52,ACC_0041
ACC_0635,2024-01-21,15:15:48,transfer,23400.3,ACC_0210
ACC_0686,2024-03-21,08:41:25,transfer,10196.75,ACC_0688
ACC_0661,2024-03-17,16:38:49,transfer,23260.95,ACC_SUS_059
ACC_0075,2024-01-03,16:41:08,deposit,2294.89,ACC_0219
ACC_0519,2024-03-08,04:49:21,transfer,22081.17,ACC_SUS_001
ACC_0251,2024-04-04,10:22:33,withdrawal,11235.52,ACC_0557
ACC_0721,2024-03-18,22:16:13,deposit,16862.65,ACC_0568
ACC_0307,2024-06-18,03:46:17,withdrawal,6979.42,ACC_SUS_012
ACC_0110,2024-05-21,05:39:34,transfer,7403.03,ACC_0216
ACC_0735,2024-03-28,07:24:45,transfer,12882.52,ACC_0258
ACC_0867,2024-01-14,03:21:37,payment,20819.03,ACC_0046
ACC_0004,2024-03-26,04:45:46,transfer,4458.76,ACC_0453
ACC_0565,2024-06-29,15:34:17,deposit,3240.91,ACC_SUS_068
ACC_0708,2024-02-08,19:51:51,deposit,20947.58,ACC_0597
ACC_0566,2024-02-07,15:38:53,withdrawal,1524.81,ACC_0374
ACC_0816,2024-01-11,13:01:38,withdrawal,17210.63,ACC_0683
ACC_0106,2024-03-31,20:23:05,payment,24359.01,ACC_0768
ACC_0159,2024-03-01,05:54:59,withdrawal,22094.7,ACC_0026
ACC_0184,2024-03-26,14:59:24,withdrawal,7036.74,ACC_0807
ACC_0719,2024-01-28,13:55:40,deposit,21535.53,ACC_0228
ACC_0205,2024-04-27,12:43:50,transfer,20603.14,ACC_0893
ACC_0234,2024-02-27,00:51:41,withdrawal,10262.42,ACC_0286
ACC_0886,2024-01-18,10:09:45,transfer,16216.3,ACC_0410
ACC_0696,2024-05-17,12:03:24,deposit,3325.87,ACC_SUS_094
ACC_0268,2024-02-15,21:08:19,transfer,1437.3,ACC_0611
ACC_0445,2024-03-29,11:25:14,payment,15352.12,ACC_0524
ACC_0119,2024-04-08,20:59:34,withdrawal,6740.7,ACC_0726
ACC_0447,2024-01-01,18:55:46,withdrawal,9423.43,ACC_0072
ACC_0681,2024-03-25,22:41:18,transfer,16752.99,ACC_0128
ACC_0738,2024-03-17,18:27:49,transfer,16838.88,ACC_0335
ACC_0413,2024-06-27,10:45:52,withdrawal,5200.08,ACC_0681
ACC_0389,2024-06-22,06:20:10,transfer,10448.84,ACC_0854
ACC_0001,2024-03-18,10:26:46,withdrawal,11032.26,ACC_0594
ACC_0622,2024-06-16,11:43:57,payment,11323.76,ACC_0692
ACC_0219,2024-05-10,17:13:41,withdrawal,16641.84,ACC_0291
ACC_0528,2024-06-18,23:02:40,transfer,2787.99,ACC_SUS_075
ACC_0770,2024-03-01,11:18:07,withdrawal,20260.79,ACC_0151
ACC_0026,2024-01-12,08:54:52,payment,15476.21,ACC_0787
ACC_0075,2024-04-26,15:05:21,withdrawal,18099.47,ACC_0394
ACC_0507,2024-04-12,08:52:59,withdrawal,16573.42,ACC_0006
ACC_0769,2024-01-28,15:28:44,withdrawal,4809.22,ACC_SUS_081
ACC_0713,2024-05-12,16:54:49,deposit,14156.44,ACC_SUS_040
ACC_0869,2024-02-01,16:37:09,withdrawal,20134.71,ACC_0684
ACC_0544,2024-05-23,21:40:47,transfer,23775.97,ACC_SUS_013
ACC_0454,2024-06-05,18:22:42,payment,20848.94,ACC_0562
ACC_0457,2024-02-10,17:16:56,payment,6850.19,ACC_0254
ACC_0861,2024-06-12,10:05:47,payment,15855.34,ACC_0282
ACC_0451,2024-01-20,10:24:10,withdrawal,7157.02,ACC_0328
ACC_0554,2024-01-21,05:02:16,withdrawal,6165.91,ACC_0711
ACC_0157,2024-06-29,07:47:23,deposit,10664.26,ACC_0339
ACC_0556,2024-04-29,15:08:16,deposit,5567.44,ACC_0431
ACC_0399,2024-05-29,00:42:40,payment,12186.0,ACC_SUS_066
ACC_0361,2024-03-17,14:11:56,payment,13686.4,ACC_0753
ACC_0560,2024-06-03,08:01:46,payment,5875.83,ACC_0447
ACC_0498,2024-01-08,14:09:28,transfer,16887.4,ACC_0818
ACC_0415,2024-02-12,17:01:01,withdrawal,24527.69,ACC_0547
ACC_0028,2024-04-10,21:33:00,deposit,2556.71,ACC_0439
ACC_0139,2024-04-28,06:36:59,deposit,6873.83,ACC_0336
ACC_0217,2024-04-26,11:54:00,transfer,19150.13,ACC_0389
ACC_0285,2024-04-17,09:11:05,deposit,12022.52,ACC_0768
ACC_0553,2024-01-14,12:44:30,withdrawal,16428.53,ACC_0800
ACC_0668,2024-01-11,01:07:47,withdrawal,5384.34,ACC_0021
ACC_0637,2024-02-09,08:41:06,withdrawal,12102.25,ACC_0118
ACC_0578,2024-02-25,16:55:52,transfer,19289.0,ACC_0172
ACC_0621,2024-06-04,04:10:12,withdrawal,24135.66,ACC_0111
ACC_0593,2024-01-07,11:21:28,payment,10218.03,ACC_0733
ACC_0204,2024-01-20,21:33:27,withdrawal,2996.58,ACC_0792
ACC_0309,2024-06-24,21:51:37,deposit,20007.57,ACC_0580
ACC_0802,2024-01-11,12:38:28,payment,16707.27,ACC_0071
ACC_0519,2024-06-14,12:25:25,deposit,21314.6,ACC_0843
ACC_0502,2024-01-28,15:47:02,transfer,16071.84,ACC_0849
ACC_0471,2024-02-09,15:51:20,withdrawal,18477.98,ACC_SUS_089
ACC_0667,2024-03-10,22:25:28,payment,11889.41,ACC_0846
ACC_0749,2024-05-31,09:46:19,transfer,21366.97,ACC_0851
ACC_0089,2024-03-12,16:24:47,withdrawal,18886.67,ACC_0584
ACC_0625,2024-06-20,13:47:54,transfer,1203.15,ACC_0872
ACC_0333,2024-02-16,17:45:04,withdrawal,9193.21,ACC_0265
ACC_0349,2024-03-12,21:42:19,transfer,14116.88,ACC_0530
ACC_0196,2024-01-22,08:47:15,payment,12470.16,ACC_0777
ACC_0247,2024-06-25,17:20:02,payment,11480.28,ACC_0018
ACC_0096,2024-03-16,08:04:05,payment,17448.79,ACC_0314
ACC_0680,2024-05-28,13:26:08,payment,14060.09,ACC_0353
ACC_0436,2024-05-20,12:02:37,transfer,17719.95,ACC_0278
ACC_0314,2024-03-05,08:23:37,deposit,18171.47,ACC_0324
ACC_0123,2024-05-17,06:44:27,withdrawal,5801.42,ACC_0496
ACC_0284,2024-05-30,19:06:05,transfer,24522.51,ACC_0853
ACC_0199,2024-03-16,08:16:56,transfer,4896.32,ACC_0015
ACC_0726,2024-05-16,04:36:31,transfer,1615.13,ACC_0056
ACC_0567,2024-03-15,04:35:51,payment,3013.4,ACC_0013
ACC_0588,2024-03-13,17:05:24,payment,11291.49,ACC_0189
ACC_0053,2024-03-05,17:23:36,deposit,20641.83,ACC_0411
ACC_0504,2024-01-19,21:00:31,deposit,4217.31,ACC_0831
ACC_0577,2024-03-18,03:06:04,withdrawal,3402.06,ACC_0783
ACC_0427,2024-06-04,21:42:15,withdrawal,19504.49,ACC_0390
ACC_0462,2024-04-23,10:49:34,payment,7981.82,ACC_0636
ACC_0062,2024-06-05,03:36:46,withdrawal,15825.12,ACC_0271
ACC_0677,2024-01-21,05:43:05,withdrawal,4758.43,ACC_0077
ACC_0161,2024-01-01,14:52:25,payment,17389.59,ACC_0482
ACC_0299,2024-01-09,08:25:40,transfer,17820.42,ACC_0720
ACC_0881,2024-04-26,02:35:29,withdrawal,23135.82,ACC_0807
ACC_0811,2024-06-09,21:28:24,withdrawal,10915.9,ACC_0558
ACC_0231,2024-06-14,05:25:28,transfer,20752.46,ACC_0074
ACC_0062,2024-02-12,11:11:59,transfer,11259.26,ACC_0480
ACC_0706,2024-03-18,14:39:17,transfer,12761.57,ACC_0506
ACC_0449,2024-01-21,21:46:25,deposit,22290.86,ACC_0753
ACC_0331,2024-06-03,09:06:56,deposit,2737.51,ACC_SUS_085
ACC_0691,2024-05-27,21:22:35,deposit,24989.52,ACC_0689
ACC_0842,2024-03-09,20:58:49,deposit,19196.17,ACC_0180
ACC_0482,2024-05-12,23:43:14,payment,22943.78,ACC_0186
ACC_0600,2024-04-21,23:06:42,payment,24241.85,ACC_0482
ACC_0357,2024-04-14,12:08:07,transfer,16918.27,ACC_0879
ACC_0165,2024-03-25,14:59:15,payment,7561.34,ACC_SUS_068
ACC_0411,2024-05-20,01:20:09,payment,2657.46,ACC_0259
ACC_0332,2024-01-30,14:42:56,deposit,16612.68,ACC_0556
ACC_0474,2024-04-15,01:58:24,withdrawal,13201.77,ACC_0638
ACC_0775,2024-05-07,22:46:13,payment,19119.77,ACC_0209
ACC_0274,2024-05-20,04:46:12,transfer,11233.84,ACC_0716
ACC_0497,2024-02-01,01:03:03,withdrawal,17889.68,ACC_0319
ACC_0565,2024-01-04,20:06:24,payment,2783.63,ACC_0862
ACC_0117,2024-04-28,04:16:36,withdrawal,12710.2,ACC_0734
ACC_0299,2024-05-10,09:57:18,payment,20950.74,ACC_0484
ACC_0250,2024-04-26,20:04:15,withdrawal,9897.86,ACC_SUS_044
ACC_0614,2024-05-10,04:58:12,deposit,7268.06,ACC_0809
ACC_0875,2024-04-16,12:22:28,transfer,20603.46,ACC_0290
ACC_0744,2024-03-17,21:22:11,payment,21698.88,ACC_0458
ACC_0552,2024-05-03,12:33:56,transfer,14021.98,ACC_0557
ACC_0387,2024-04-26,11:42:56,withdrawal,24528.98,ACC_0245
ACC_0586,2024-04-08,08:30:13,payment,1569.36,ACC_0763
ACC_0485,2024-06-29,13:52:48,payment,24716.14,ACC_0812
ACC_0841,2024-06-15,05:32:16,payment,24138.2,ACC_0130
ACC_0515,2024-05-31,12:05:15,deposit,21917.66,ACC_0451
ACC_0103,2024-05-14,16:38:10,deposit,18199.87,ACC_0420
ACC_0892,2024-06-16,05:37:12,deposit,12002.52,ACC_SUS_093
ACC_0272,2024-03-27,22:41:31,payment,16421.0,ACC_0873
ACC_0337,2024-06-21,19:25:42,payment,23876.42,ACC_0642
ACC_0736,2024-05-04,19:41:52,deposit,15627.76,ACC_0241
ACC_0647,2024-06-24,10:27:47,withdrawal,18795.78,ACC_0445
ACC_0101,2024-06-11,03:39:33,payment,4575.94,ACC_0307
ACC_0030,2024-01-12,11:48:36,deposit,7687.51,ACC_0384
ACC_0442,2024-02-07,08:53:27,payment,14365.24,ACC_0812
ACC_0185,2024-02-13,06:22:26,deposit,15432.55,ACC_0392
ACC_0635,2024-06-23,08:46:06,payment,22864.31,ACC_0147
ACC_0238,2024-04-28,23:13:31,transfer,11759.48,ACC_0683
ACC_0010,2024-04-29,10:28:20,withdrawal,2309.62,ACC_SUS_068
ACC_0354,2024-05-30,10:53:30,payment,17412.68,ACC_0468
ACC_0866,2024-03-18,07:15:11,payment,21406.72,ACC_0110
ACC_0243,2024-04-07,20:49:23,transfer,14582.89,ACC_0717
ACC_0303,2024-01-06,23:57:55,payment,7224.77,ACC_0580
ACC_0886,2024-06-24,01:47:08,payment,20904.55,ACC_SUS_025
ACC_0294,2024-02-28,22:06:09,transfer,5865.61,ACC_0195
ACC_0636,2024-03-05,04:58:47,deposit,22633.39,ACC_0662
ACC_0041,2024-03-20,16:02:59,deposit,14699.56,ACC_0750
ACC_0135,2024-01-24,10:44:40,transfer,18813.28,ACC_0180
ACC_0206,2024-02-03,19:38:21,transfer,13505.88,ACC_SUS_036
ACC_0280,2024-02-12,09:21:21,payment,24200.91,ACC_0303
ACC_0765,2024-03-27,04:11:35,payment,24090.89,ACC_0145
ACC_0773,2024-02-27,14:28:09,transfer,2712.42,ACC_0405
ACC_0015,2024-03-08,19:32:09,deposit,11642.26,ACC_0689
ACC_0767,2024-06-21,09:32:42,payment,20649.22,ACC_SUS_063
ACC_0381,2024-01-28,08:30:47,payment,1113.1,ACC_SUS_006
ACC_0575,2024-03-24,22:12:44,withdrawal,16367.48,ACC_0651
ACC_0844,2024-04-28,11:00:08,payment,3358.56,ACC_0047
ACC_0039,2024-03-18,17:56:09,deposit,2881.2,ACC_SUS_009
ACC_0551,2024-02-04,14:09:00,payment,9589.78,ACC_SUS_073
ACC_0761,2024-06-27,19:40:04,payment,14889.84,ACC_0745
ACC_0159,2024-04-16,23:50:41,deposit,20925.48,ACC_0631
ACC_0418,2024-03-12,01:11:28,transfer,5823.11,ACC_0456
ACC_0242,2024-04-02,03:37:02,transfer,13839.41,ACC_0661
ACC_0368,2024-01-16,14:29:44,transfer,5150.31,ACC_0126
ACC_0869,2024-04-26,03:20:15,withdrawal,16221.76,ACC_0612
ACC_0022,2024-01-13,12:08:33,withdrawal,24726.11,ACC_0806
ACC_0579,2024-02-22,02:29:52,withdrawal,14866.39,ACC_0833
ACC_0891,2024-02-29,11:57:44,withdrawal,19821.77,ACC_0611
ACC_0003,2024-03-11,05:16:04,withdrawal,13735.28,ACC_0818
ACC_0179,2024-01-29,00:56:19,withdrawal,864.08,ACC_0809
ACC_0808,2024-03-01,21:26:22,transfer,886.64,ACC_0272
ACC_0054,2024-02-02,15:19:36,deposit,18768.8,ACC_0488
ACC_0460,2024-04-02,18:41:11,deposit,11574.13,ACC_0227
ACC_0630,2024-01-12,23:59:23,transfer,11722.04,ACC_SUS_088
ACC_0032,2024-01-16,17:26:21,payment,10943.7,ACC_0111
ACC_0503,2024-04-23,02:40:32,deposit,8391.74,ACC_0152
ACC_0068,2024-02-02,10:00:46,transfer,9832.16,ACC_0612
ACC_0544,2024-03-16,16:31:09,payment,2929.87,ACC_0719
ACC_0118,2024-06-16,23:41:56,withdrawal,11036.71,ACC_SUS_010
ACC_0234,2024-04-15,12:20:24,payment,10268.89,ACC_0748
ACC_0098,2024-03-21,15:32:16,transfer,16795.14,ACC_0384
ACC_0157,2024-06-24,17:16:03,deposit,2735.01,ACC_0088
ACC_0096,2024-04-20,03:30:56,transfer,20388.35,ACC_0570
ACC_0062,2024-05-30,20:26:48,transfer,16915.32,ACC_0421
ACC_0363,2024-06-19,15:23:55,deposit,24225.77,ACC_0615
ACC_0320,2024-03-31,03:46:19,withdrawal,4290.89,ACC_0494
ACC_0230,2024-01-28,12:44:50,transfer,3314.69,ACC_0286
ACC_0588,2024-02-27,15:37:24,deposit,15420.38,ACC_0674
ACC_0850,2024-06-26,09:44:14,deposit,4920.19,ACC_0720
ACC_0781,2024-03-20,12:22:21,transfer,649.59,ACC_0891
ACC_0147,2024-05-24,23:55:59,payment,2204.84,ACC_0759
ACC_0649,2024-01-08,03:20:26,withdrawal,9716.76,ACC_0465
ACC_0350,2024-02-10,13:28:23,transfer,18179.1,ACC_0796
ACC_0582,2024-06-01,03:05:35,deposit,4311.71,ACC_0773
ACC_0633,2024-01-13,02:58:13,transfer,11356.27,ACC_0435
ACC_0498,2024-06-04,16:05:39,payment,7192.59,ACC_0774
ACC_0525,2024-01-30,12:34:02,payment,3216.8,ACC_0695
ACC_0695,2024-05-31,17:43:03,transfer,1612.73,ACC_0405
ACC_0614,2024-01-15,00:16:47,withdrawal,7884.77,ACC_0217
ACC_0786,2024-02-05,09:18:11,transfer,8539.0,ACC_0008
ACC_0510,2024-04-20,06:23:48,withdrawal,9815.08,ACC_0721
ACC_0236,2024-05-08,20:20:33,transfer,2265.85,ACC_0883
ACC_0760,2024-01-11,15:52:56,deposit,11763.98,ACC_0080
ACC_0883,2024-03-21,20:57:45,payment,14548.29,ACC_0727
ACC_0656,2024-04-16,10:32:27,deposit,10423.29,ACC_SUS_090
ACC_0333,2024-02-13,22:30:18,payment,20884.63,ACC_SUS_042
ACC_0371,2024-01-23,15:54:00,deposit,6461.25,ACC_0604
ACC_0411,2024-05-14,02:51:48,payment,21827.85,ACC_0764
ACC_0348,2024-02-26,12:07:35,withdrawal,2371.29,ACC_0649
ACC_0117,2024-05-15,18:34:00,withdrawal,22695.11,ACC_0358
ACC_0360,2024-06-14,05:22:38,withdrawal,3018.71,ACC_0263
ACC_0203,2024-02-14,21:55:57,withdrawal,19125.27,ACC_0672
ACC_0078,2024-02-15,22:51:46,payment,11866.85,ACC_0578
ACC_0779,2024-05-28,16:20:38,transfer,21674.05,ACC_0643
ACC_0324,2024-02-08,16:00:40,deposit,11988.57,ACC_0647
ACC_0311,2024-03-11,21:31:58,deposit,9122.58,ACC_0076
ACC_0318,2024-04-28,16:27:13,deposit,1893.81,ACC_0852
ACC_0294,2024-01-20,23:28:17,deposit,15567.71,ACC_0520
ACC_0394,2024-04-28,21:07:44,deposit,11518.48,ACC_0830
ACC_0586,2024-06-15,06:51:12,transfer,15322.64,ACC_0514
ACC_0155,2024-01-16,16:24:10,deposit,20368.69,ACC_0858
ACC_0352,2024-01-22,18:22:12,withdrawal,1458.98,ACC_0725
ACC_0449,2024-04-22,19:04:50,withdrawal,9415.5,ACC_SUS_040
ACC_0290,2024-04-09,14:52:58,transfer,17132.99,ACC_0054
ACC_0809,2024-06-10,23:34:03,transfer,2114.84,ACC_0097
ACC_0572,2024-06-22,14:04:27,transfer,6673.9,ACC_0873
ACC_0673,2024-06-03,05:28:29,transfer,2496.8,ACC_0680
ACC_0145,2024-03-30,11:17:42,payment,3659.32,ACC_0726
ACC_0087,2024-03-20,20:20:59,payment,16265.58,ACC_0337
ACC_0833,2024-02-02,19:09:55,deposit,16327.61,ACC_0434
ACC_0521,2024-04-02,00:39:49,transfer,8067.22,ACC_SUS_074
ACC_0220,2024-03-28,17:42:16,withdrawal,6050.3,ACC_0141
ACC_0159,2024-01-20,10:46:10,deposit,12938.4,ACC_0553
ACC_0856,2024-05-14,01:22:27,transfer,21971.62,ACC_0633
ACC_0135,2024-06-01,13:42:57,withdrawal,4475.06,ACC_0852
ACC_0710,2024-06-08,06:01:37,payment,1570.46,ACC_0374
ACC_0693,2024-03-01,16:10:22,transfer,18933.58,ACC_0803
ACC_0460,2024-02-29,19:26:33,withdrawal,8081.96,ACC_0829
ACC_0804,2024-04-30,07:03:50,transfer,17118.52,ACC_0585
ACC_0452,2024-04-28,10:15:32,payment,12821.21,ACC_0429
ACC_0166,2024-02-21,22:00:54,withdrawal,21888.55,ACC_0054
ACC_0657,2024-05-03,13:30:55,deposit,17929.32,ACC_0529
ACC_0872,2024-02-01,10:22:43,deposit,19196.36,ACC_0280
ACC_0461,2024-05-11,05:21:53,payment,2746.98,ACC_SUS_033
ACC_0228,2024-04-25,12:43:40,deposit,10664.97,ACC_0406
ACC_0515,2024-04-05,08:35:03,payment,24865.87,ACC_0384
ACC_0230,2024-01-08,11:36:10,deposit,21059.82,ACC_0666
ACC_0344,2024-02-07,05:00:35,deposit,7528.55,ACC_0850
ACC_0484,2024-06-27,05:03:11,payment,11490.74,ACC_0006
ACC_0082,2024-01-05,09:19:04,withdrawal,20956.6,ACC_0562
ACC_0745,2024-06-04,19:12:56,payment,3224.08,ACC_0296
ACC_0244,2024-03-18,04:26:10,deposit,6341.77,ACC_0655
ACC_0813,2024-06-08,16:38:34,deposit,3216.02,ACC_SUS_027
ACC_0512,2024-06-01,19:31:01,deposit,15982.9,ACC_0589
ACC_0248,2024-02-06,10:36:17,payment,538.33,ACC_0362
ACC_0247,2024-05-26,15:10:00,withdrawal,16777.1,ACC_0088
ACC_0537,2024-04-02,02:27:50,deposit,10066.12,ACC_0482
ACC_0045,2024-06-11,14:05:09,transfer,6714.43,ACC_0017
ACC_0366,2024-01-18,12:33:13,withdrawal,18457.06,ACC_0644
ACC_0107,2024-05-28,12:06:23,withdrawal,1586.22,ACC_0560
ACC_0347,2024-06-13,06:22:29,payment,24530.07,ACC_0491
ACC_0647,2024-02-16,04:54:35,deposit,18043.1,ACC_SUS_067
ACC_0469,2024-01-10,10:41:02,withdrawal,1573.25,ACC_0205
ACC_0043,2024-03-21,11:17:22,payment,24733.51,ACC_0557
ACC_0485,2024-03-05,01:19:59,withdrawal,7509.72,ACC_0883
ACC_0800,2024-01-13,23:52:28,transfer,7193.81,ACC_0819
ACC_0377,2024-04-21,14:33:51,payment,22418.62,ACC_0396
ACC_0348,2024-02-17,18:03:58,payment,9500.0,ACC_0817
ACC_0532,2024-03-09,03:00:28,payment,2433.71,ACC_0617
ACC_0843,2024-02-16,19:51:36,transfer,8369.68,ACC_0082
ACC_0336,2024-06-18,10:45:50,transfer,11424.94,ACC_0735
ACC_0437,2024-02-12,16:09:43,transfer,11454.68,ACC_0745
ACC_0891,2024-03-31,22:23:09,payment,7226.61,ACC_0811
ACC_0059,2024-01-20,23:12:40,payment,9401.12,ACC_0821
ACC_0768,2024-06-22,05:49:29,deposit,3998.1,ACC_0623
ACC_0695,2024-04-22,01:16:01,withdrawal,2147.22,ACC_0798
ACC_0661,2024-04-03,13:11:07,payment,23761.94,ACC_0034
ACC_0620,2024-02-09,16:22:52,transfer,9614.33,ACC_0782
ACC_0079,2024-05-26,05:00:47,transfer,10251.83,ACC_0666
ACC_0286,2024-03-04,04:07:49,deposit,18524.03,ACC_0512
ACC_0531,2024-04-09,20:26:59,deposit,6913.53,ACC_0267
ACC_0721,2024-04-24,07:48:44,transfer,17502.53,ACC_0503
ACC_0205,2024-02-01,04:56:30,deposit,11575.05,ACC_SUS_021
ACC_0731,2024-04-23,03:11:46,transfer,16862.07,ACC_0727
ACC_0067,2024-05-20,19:44:23,transfer,22337.63,ACC_0872
ACC_0162,2024-06-28,23:13:04,withdrawal,19945.56,ACC_0521
ACC_0230,2024-02-01,07:19:02,withdrawal,6300.04,ACC_0506
ACC_0027,2024-04-02,20:10:16,transfer,11951.44,ACC_0565
ACC_0133,2024-06-05,03:08:20,deposit,8077.62,ACC_0735
ACC_0737,2024-05-02,19:08:23,payment,19344.53,ACC_0844
ACC_0589,2024-01-19,04:33:46,transfer,16237.3,ACC_0461
ACC_0478,2024-06-23,18:50:11,transfer,3644.2,ACC_0849
ACC_0799,2024-05-21,23:17:39,withdrawal,19310.65,ACC_0133
ACC_0444,2024-05-08,02:01:03,deposit,13193.5,ACC_0312
ACC_0169,2024-02-11,11:44:51,withdrawal,8977.57,ACC_SUS_064
ACC_0532,2024-03-13,02:52:16,transfer,5309.4,ACC_SUS_080
ACC_0565,2024-03-11,04:33:26,transfer,15553.49,ACC_0096
ACC_0515,2024-06-13,06:08:23,withdrawal,4694.42,ACC_0640
ACC_0738,2024-06-03,12:17:32,deposit,20718.29,ACC_0030
ACC_0084,2024-01-12,23:21:16,transfer,16452.68,ACC_0786
ACC_0586,2024-04-16,22:30:16,deposit,12701.93,ACC_0643
ACC_0559,2024-03-15,23:22:16,transfer,12332.15,ACC_0825
ACC_0827,2024-06-24,14:47:07,transfer,11611.83,ACC_0706
ACC_0062,2024-02-10,16:00:19,payment,12364.15,ACC_0209
ACC_0349,2024-06-04,05:13:50,transfer,21606.38,ACC_0327
ACC_0752,2024-03-29,14:31:00,withdrawal,19136.29,ACC_0528
ACC_0576,2024-01-28,11:37:07,withdrawal,11928.58,ACC_0274
ACC_0461,2024-03-04,05:07:45,deposit,1739.83,ACC_SUS_069
ACC_0394,2024-06-06,15:13:25,withdrawal,24085.8,ACC_SUS_024
ACC_0164,2024-03-24,21:01:58,transfer,5150.94,ACC_0164
ACC_0511,2024-05-11,16:59:46,payment,22037.35,ACC_0510
ACC_0024,2024-01-24,14:19:03,payment,24183.82,ACC_0221
ACC_0598,2024-03-31,01:46:17,deposit,7393.23,ACC_0612
ACC_0864,2024-06-16,17:08:00,transfer,13648.92,ACC_0868
ACC_0111,2024-04-20,04:52:35,transfer,18323.95,ACC_0783
ACC_0413,2024-04-03,01:38:50,payment,1753.36,ACC_0576
ACC_0200,2024-04-02,20:08:32,transfer,2301.53,ACC_0517
ACC_0462,2024-05-20,10:11:03,deposit,3652.25,ACC_0100
ACC_0404,2024-04-05,12:20:44,transfer,18996.65,ACC_0204
ACC_0617,2024-05-10,14:36:50,deposit,1609.93,ACC_0141
ACC_0731,2024-03-26,17:14:54,payment,4149.05,ACC_SUS_015
ACC_0528,2024-02-05,11:56:27,transfer,4481.3,ACC_0632
ACC_0758,2024-03-17,21:37:00,transfer,12929.22,ACC_0522
ACC_0546,2024-05-05,20:29:43,transfer,12134.87,ACC_0018
ACC_0378,2024-03-25,03:59:26,payment,14800.7,ACC_0816
ACC_0743,2024-06-25,22:54:38,deposit,15124.29,ACC_0272
ACC_0672,2024-05-28,21:01:51,withdrawal,18174.3,ACC_0598
ACC_0492,2024-02-13,19:05:12,payment,4120.5,ACC_0698
ACC_0249,2024-01-09,20:50:47,deposit,5174.22,ACC_0452
ACC_0322,2024-04-17,05:30:48,payment,17417.26,ACC_0421
ACC_0514,2024-06-05,17:10:14,deposit,17791.49,ACC_0532
ACC_0213,2024-05-23,11:50:04,payment,13374.19,ACC_0322
ACC_0178,2024-04-27,19:24:38,transfer,13883.69,ACC_0693
ACC_0791,2024-06-23,23:25:19,transfer,15446.88,ACC_0197
ACC_0253,2024-03-12,20:19:09,transfer,6009.24,ACC_SUS_097
ACC_0305,2024-03-14,07:32:48,payment,8267.5,ACC_0358
ACC_0574,2024-03-11,10:28:41,deposit,14550.18,ACC_0557
ACC_0389,2024-04-11,12:33:57,withdrawal,7616.09,ACC_0295
ACC_0732,2024-01-21,12:36:38,payment,16571.32,ACC_0766
ACC_0491,2024-02-24,07:21:25,transfer,23359.09,ACC_0713
ACC_0279,2024-02-05,03:58:36,withdrawal,6440.22,ACC_0686
ACC_0544,2024-02-27,23:13:36,withdrawal,1786.03,ACC_0424
ACC_0339,2024-04-30,03:39:38,withdrawal,626.95,ACC_0564
ACC_0162,2024-04-14,23:46:15,payment,12197.49,ACC_0205
ACC_0775,2024-03-14,11:41:36,transfer,16324.5,ACC_SUS_030
ACC_0788,2024-01-23,23:44:58,withdrawal,13611.23,ACC_0741
ACC_0871,2024-01-10,06:22:26,payment,22115.0,ACC_0181
ACC_0038,2024-04-11,18:02:10,withdrawal,23446.91,ACC_SUS_086
ACC_0894,2024-03-15,01:21:50,deposit,7810.61,ACC_0618
ACC_0110,2024-03-26,10:21:38,payment,24732.94,ACC_0557
ACC_0537,2024-05-06,04:53:09,payment,7184.51,ACC_0829
ACC_0116,2024-03-25,05:54:58,payment,16382.99,ACC_0736
ACC_0191,2024-01-04,12:16:25,transfer,14410.64,ACC_0776
ACC_0198,2024-02-14,22:14:39,payment,20761.25,ACC_0528
ACC_0336,2024-01-23,14:35:38,deposit,5027.14,ACC_0144
ACC_0489,2024-03-23,09:01:52,deposit,6889.24,ACC_0242
ACC_0458,2024-03-09,12:00:04,transfer,14770.29,ACC_0587
ACC_0012,2024-03-07,23:47:59,transfer,17472.83,ACC_0064
ACC_0684,2024-01-31,16:56:40,transfer,4413.06,ACC_0703
ACC_0515,2024-06-29,11:19:20,deposit,16148.43,ACC_SUS_064
ACC_0303,2024-04-04,22:22:40,withdrawal,5868.65,ACC_0137
ACC_0490,2024-02-09,16:33:54,transfer,10688.22,ACC_0563
ACC_0483,2024-05-17,07:57:07,withdrawal,17168.38,ACC_0611
ACC_0895,2024-01-21,19:07:59,payment,13440.24,ACC_0371
ACC_0080,2024-05-24,04:05:07,deposit,20804.96,ACC_SUS_025
ACC_0518,2024-02-21,20:51:05,withdrawal,4531.16,ACC_0875
ACC_0533,2024-04-23,04:13:55,withdrawal,18064.49,ACC_0501
ACC_0094,2024-05-10,16:13:10,deposit,11609.09,ACC_0526
ACC_0426,2024-04-26,20:31:52,deposit,14190.53,ACC_0689
ACC_0827,2024-03-19,00:47:33,payment,6734.2,ACC_0004
ACC_0764,2024-02-25,21:03:20,deposit,1609.6,ACC_0353
ACC_0718,2024-01-17,19:42:11,deposit,23397.28,ACC_0071
ACC_0484,2024-01-09,10:27:09,payment,4909.54,ACC_0139
ACC_0785,2024-06-13,23:30:56,payment,9674.29,ACC_SUS_013
ACC_0392,2024-04-24,13:44:39,payment,2466.12,ACC_SUS_088
ACC_0678,2024-05-18,04:50:31,transfer,3406.51,ACC_0551
ACC_0403,2024-05-15,04:38:11,withdrawal,20953.13,ACC_0775
ACC_0024,2024-03-17,16:51:26,payment,13532.37,ACC_0844
ACC_0236,2024-03-04,16:46:15,transfer,4300.47,ACC_0194
ACC_0897,2024-01-29,01:10:22,payment,15565.62,ACC_SUS_059
ACC_0017,2024-03-02,07:30:11,deposit,2971.97,ACC_0035
ACC_0458,2024-06-02,01:46:20,withdrawal,18643.26,ACC_0412
ACC_0450,2024-02-29,19:39:07,withdrawal,18982.45,ACC_0795
ACC_0058,2024-02-05,18:20:46,transfer,6236.96,ACC_SUS_039
ACC_0750,2024-05-27,11:36:39,transfer,6304.15,ACC_0898
ACC_0147,2024-06-18,18:58:41,withdrawal,10632.23,ACC_0282
ACC_0063,2024-05-22,21:32:30,withdrawal,15836.83,ACC_0438
ACC_0570,2024-05-06,01:42:25,transfer,23568.87,ACC_0688
ACC_0391,2024-05-14,11:36:17,payment,10502.35,ACC_0308
ACC_0386,2024-02-17,19:35:07,payment,6403.72,ACC_0231
ACC_0308,2024-02-06,16:51:29,deposit,14278.46,ACC_SUS_092
ACC_0427,2024-05-22,19:17:47,withdrawal,10016.27,ACC_0262
ACC_0209,2024-03-25,23:32:45,deposit,23094.54,ACC_0868
ACC_0380,2024-01-24,19:30:06,withdrawal,1762.65,ACC_0387
ACC_0690,2024-06-03,21:57:06,deposit,21903.7,ACC_0193
ACC_0824,2024-05-30,20:20:49,withdrawal,12245.16,ACC_0891
ACC_0341,2024-03-18,00:33:29,withdrawal,23460.41,ACC_SUS_086
ACC_0760,2024-01-31,17:26:13,withdrawal,17542.84,ACC_0721
ACC_0210,2024-04-11,08:42:49,transfer,19500.09,ACC_0390
ACC_0478,2024-05-16,23:37:09,transfer,8056.35,ACC_0369
ACC_0526,2024-05-07,16:58:00,deposit,20169.01,ACC_0740
ACC_0481,2024-03-22,07:23:44,transfer,8166.59,ACC_0047
ACC_0577,2024-02-26,05:18:46,deposit,6888.97,ACC_SUS_058
ACC_0599,2024-05-28,15:12:12,transfer,4234.08,ACC_0338
ACC_0236,2024-04-07,20:44:43,withdrawal,12732.89,ACC_0671
ACC_0702,2024-03-27,09:22:08,payment,24179.45,ACC_0658
ACC_0758,2024-05-05,16:46:41,withdrawal,18452.92,ACC_0361
ACC_0174,2024-02-05,19:53:56,payment,5009.17,ACC_SUS_011
ACC_0556,2024-06-13,02:08:18,deposit,21057.18,ACC_0077
ACC_0838,2024-06-20,01:45:58,deposit,10603.61,ACC_0863
ACC_0646,2024-02-29,02:28:28,withdrawal,723.97,ACC_0518
ACC_0467,2024-04-05,02:12:03,payment,16652.47,ACC_0017
ACC_0007,2024-05-16,20:05:05,payment,790.35,ACC_0543
ACC_0740,2024-03-11,19:30:20,transfer,919.99,ACC_0833
ACC_0715,2024-06-21,15:40:36,withdrawal,3121.9,ACC_0099
ACC_0537,2024-02-08,08:46:24,withdrawal,15684.63,ACC_0259
ACC_0835,2024-03-31,09:43:58,payment,2435.97,ACC_SUS_083
ACC_0416,2024-04-27,20:34:15,withdrawal,24760.71,ACC_0232
ACC_0308,2024-06-24,02:56:06,deposit,2790.76,ACC_0389
ACC_0387,2024-05-21,17:19:50,deposit,16100.33,ACC_0720
ACC_0176,2024-01-22,18:11:57,payment,16300.23,ACC_0340
ACC_0580,2024-01-25,19:13:46,deposit,6129.28,ACC_SUS_023
ACC_0889,2024-06-26,20:38:09,payment,7141.83,ACC_SUS_047
ACC_0077,2024-06-24,10:12:29,deposit,4894.19,ACC_0871
ACC_0323,2024-01-05,07:32:32,withdrawal,18930.23,ACC_0730
ACC_0841,2024-04-11,02:48:04,transfer,4480.03,ACC_0247
ACC_0581,2024-04-09,19:40:52,transfer,9904.23,ACC_0758
ACC_0144,2024-06-25,02:51:19,transfer,1815.56,ACC_0448
ACC_0238,2024-01-20,12:24:02,payment,24238.55,ACC_0335
ACC_0031,2024-06-11,09:57:05,payment,12519.78,ACC_0365
ACC_0567,2024-04-06,15:43:23,withdrawal,17152.52,ACC_0677
ACC_0390,2024-01-22,22:31:23,transfer,20052.35,ACC_0731
ACC_0076,2024-01-22,09:45:23,withdrawal,9810.0,ACC_0803
ACC_0650,2024-02-09,14:11:08,transfer,9337.16,ACC_0094
ACC_0006,2024-03-19,16:11:32,transfer,19152.99,ACC_0105
ACC_0136,2024-01-23,06:49:21,payment,11496.67,ACC_0569
ACC_0525,2024-04-14,03:45:38,deposit,2695.66,ACC_0568
ACC_0096,2024-06-01,21:46:26,transfer,21661.1,ACC_0013
ACC_0299,2024-04-15,14:07:09,deposit,18258.67,ACC_0573
ACC_0249,2024-05-26,18:58:22,withdrawal,17290.24,ACC_0174
ACC_0143,2024-03-09,10:57:49,transfer,12581.54,ACC_0065
ACC_0172,2024-04-21,10:02:50,payment,7843.93,ACC_0802
ACC_0079,2024-04-02,09:09:50,withdrawal,18162.04,ACC_0508
ACC_0609,2024-06-06,07:07:10,payment,3120.82,ACC_0312
ACC_0007,2024-04-11,12:05:44,payment,20199.87,ACC_0338
ACC_0451,2024-03-26,15:40:41,withdrawal,7860.66,ACC_0618
ACC_0712,2024-02-21,17:26:24,transfer,4852.11,ACC_0408
ACC_0327,2024-03-15,23:02:35,payment,24210.2,ACC_0801
ACC_0249,2024-03-24,13:41:30,transfer,20504.12,ACC_0403
ACC_0374,2024-01-30,20:31:45,withdrawal,15009.56,ACC_0559
ACC_0185,2024-06-23,20:01:42,deposit,23848.61,ACC_0473
ACC_0726,2024-02-23,15:57:49,transfer,20866.4,ACC_0071
ACC_0839,2024-04-14,18:10:44,withdrawal,16016.73,ACC_0248
ACC_0259,2024-06-17,05:36:43,payment,19832.38,ACC_0076
ACC_0460,2024-06-02,17:26:54,payment,13592.0,ACC_SUS_046
ACC_0891,2024-06-26,15:13:47,deposit,19872.66,ACC_0369
ACC_0719,2024-05-17,21:37:13,deposit,3179.55,ACC_0255
ACC_0674,2024-06-19,12:55:31,withdrawal,16351.5,ACC_0046
ACC_0577,2024-06-14,23:32:49,payment,24186.87,ACC_0340
ACC_0816,2024-04-20,03:51:26,deposit,2915.86,ACC_0228
ACC_0523,2024-05-12,20:18:57,withdrawal,11421.57,ACC_0401
ACC_0475,2024-06-22,21:25:47,withdrawal,8951.7,ACC_0026
ACC_0495,2024-01-27,10:45:22,payment,23053.41,ACC_0088
ACC_0119,2024-02-06,12:40:56,transfer,8905.13,ACC_0804
ACC_0212,2024-05-13,17:34:58,transfer,12165.98,ACC_0449
ACC_0740,2024-06-27,16:28:23,transfer,2145.77,ACC_0046
ACC_0830,2024-01-30,00:49:20,transfer,16375.26,ACC_0694
ACC_0820,2024-02-12,08:52:50,withdrawal,14021.8,ACC_0339
ACC_0574,2024-04-19,16:49:22,withdrawal,20045.02,ACC_0645
ACC_0189,2024-02-17,23:19:08,payment,10191.77,ACC_0756
ACC_0629,2024-02-20,16:22:06,payment,10026.48,ACC_0722
ACC_0220,2024-02-22,10:08:03,deposit,14645.02,ACC_0819
ACC_0893,2024-05-17,06:48:25,transfer,8486.63,ACC_0469
ACC_0117,2024-03-08,17:49:17,transfer,15125.79,ACC_0626
ACC_0402,2024-05-30,04:09:32,transfer,9123.63,ACC_0469
ACC_0633,2024-02-14,10:49:46,deposit,16966.7,ACC_0321
ACC_0121,2024-03-02,11:07:06,deposit,4984.59,ACC_0711
ACC_0145,2024-05-10,14:08:36,payment,15112.43,ACC_0589
ACC_0393,2024-04-18,06:45:47,payment,16069.79,ACC_0711
ACC_0661,2024-02-14,20:12:13,withdrawal,12496.23,ACC_0144
ACC_0192,2024-03-21,16:25:13,deposit,21705.29,ACC_SUS_075
ACC_0010,2024-05-04,04:58:15,withdrawal,20472.79,ACC_SUS_087
ACC_0576,2024-05-09,23:46:39,payment,10523.79,ACC_0504
ACC_0426,2024-04-23,17:47:34,withdrawal,2525.43,ACC_0032
ACC_0815,2024-02-26,10:38:04,deposit,7233.9,ACC_0551
ACC_0296,2024-02-13,16:39:02,payment,13968.29,ACC_0116
ACC_0587,2024-01-30,09:45:12,transfer,13780.06,ACC_0775
ACC_0043,2024-04-22,19:53:31,withdrawal,24749.51,ACC_0105
ACC_0754,2024-06-16,09:00:44,transfer,21932.84,ACC_0034
ACC_0461,2024-03-08,12:41:28,deposit,11257.21,ACC_0121
ACC_0795,2024-03-01,07:38:29,transfer,21595.69,ACC_0625
ACC_0648,2024-04-19,06:02:35,withdrawal,19728.81,ACC_0834
ACC_0212,2024-01-16,20:45:20,transfer,13540.88,ACC_0612
ACC_0552,2024-02-13,11:47:01,transfer,7588.66,ACC_0274
ACC_0879,2024-05-11,03:28:01,withdrawal,24087.91,ACC_0805
ACC_0422,2024-01-16,10:05:49,withdrawal,17684.95,ACC_0136
ACC_0256,2024-02-07,11:43:37,withdrawal,19156.1,ACC_0693
ACC_0403,2024-05-05,05:10:34,transfer,15881.41,ACC_0385
ACC_0463,2024-01-20,23:04:10,deposit,10369.84,ACC_0768
ACC_0285,2024-06-26,13:26:14,payment,23781.22,ACC_0336
ACC_0596,2024-01-01,03:23:28,payment,16053.59,ACC_0715
ACC_0367,2024-01-17,19:27:28,payment,5836.83,ACC_0440
ACC_0845,2024-02-24,18:00:43,transfer,8410.2,ACC_0291
ACC_0346,2024-05-20,21:02:30,withdrawal,14370.48,ACC_0497
ACC_0808,2024-03-28,01:45:45,deposit,2939.58,ACC_0803
ACC_0857,2024-04-27,00:35:34,deposit,23271.11,ACC_0162
ACC_0452,2024-04-26,00:01:28,payment,5456.8,ACC_0706
ACC_0136,2024-06-15,10:59:26,withdrawal,21923.37,ACC_0898
ACC_0281,2024-01-24,23:49:58,transfer,6634.54,ACC_0381
ACC_0681,2024-06-15,06:01:35,deposit,10210.37,ACC_0313
ACC_0744,2024-06-28,08:31:29,payment,16559.39,ACC_0721
ACC_0098,2024-01-01,07:46:13,payment,2409.5,ACC_0608
ACC_0232,2024-05-12,16:12:15,deposit,697.53,ACC_0352
ACC_0837,2024-01-31,15:22:33,withdrawal,12203.66,ACC_0235
ACC_0393,2024-01-23,03:43:45,deposit,8177.11,ACC_SUS_003
ACC_0307,2024-02-05,13:56:04,withdrawal,16218.62,ACC_0694
ACC_0147,2024-01-18,19:18:54,deposit,15452.82,ACC_0169
ACC_0451,2024-03-30,07:45:25,withdrawal,23037.41,ACC_0631
ACC_0704,2024-04-23,07:54:34,deposit,22466.53,ACC_0144
ACC_0771,2024-02-01,21:27:56,payment,9112.62,ACC_0440
ACC_0323,2024-02-05,09:01:17,transfer,16293.2,ACC_0255
ACC_0567,2024-06-02,21:50:44,transfer,19584.76,ACC_0708
ACC_0028,2024-06-17,10:58:57,withdrawal,13184.85,ACC_0522
ACC_0194,2024-04-10,10:45:37,deposit,19703.14,ACC_0813
ACC_0246,2024-05-06,14:02:58,deposit,6406.5,ACC_0654
ACC_0609,2024-01-19,19:14:03,deposit,24678.62,ACC_SUS_057
ACC_0325,2024-02-03,14:05:03,payment,9452.61,ACC_0700
ACC_0177,2024-04-30,02:39:27,deposit,14890.41,ACC_0015
ACC_0269,2024-02-25,01:27:00,deposit,23742.66,ACC_0408
ACC_0519,2024-03-14,22:53:08,payment,10877.59,ACC_0412
ACC_0085,2024-06-12,19:32:08,withdrawal,7297.96,ACC_0318
ACC_0081,2024-05-10,07:23:53,withdrawal,13641.56,ACC_0401
ACC_0601,2024-06-11,23:39:35,deposit,8099.15,ACC_0448
ACC_0748,2024-03-02,02:06:29,withdrawal,2612.21,ACC_0445
ACC_0119,2024-04-26,22:17:34,deposit,8077.61,ACC_0760
ACC_0674,2024-02-14,04:20:55,deposit,17843.56,ACC_0719
ACC_0012,2024-02-11,18:04:25,transfer,13313.63,ACC_0802
ACC_0843,2024-03-07,06:04:44,transfer,3609.8,ACC_0800
ACC_0895,2024-03-09,04:17:53,deposit,8707.77,ACC_0440
ACC_0279,2024-05-14,02:19:31,transfer,17951.92,ACC_0591
ACC_0643,2024-01-20,18:03:51,payment,13014.16,ACC_0057
ACC_0512,2024-05-25,06:04:33,transfer,4354.09,ACC_0792
ACC_0106,2024-05-26,04:11:57,withdrawal,18649.11,ACC_0003
ACC_0046,2024-01-04,08:54:13,deposit,12058.23,ACC_0393
ACC_0154,2024-02-15,01:17:15,payment,6000.63,ACC_0255
ACC_0427,2024-03-22,09:52:34,deposit,14502.63,ACC_0123
ACC_0515,2024-06-21,01:55:03,withdrawal,5968.03,ACC_0529
ACC_0048,2024-04-12,02:30:34,payment,21717.79,ACC_0793
ACC_0866,2024-03-20,11:54:59,deposit,14050.74,ACC_0009
ACC_0378,2024-02-21,10:36:59,transfer,18619.61,ACC_0249
ACC_0476,2024-04-04,21:32:34,payment,24945.78,ACC_0795
ACC_0201,2024-05-19,08:55:29,withdrawal,656.26,ACC_0420
ACC_0025,2024-02-29,19:43:01,transfer,16080.58,ACC_0711
ACC_0899,2024-01-03,12:11:51,deposit,19093.76,ACC_0386
ACC_0870,2024-03-19,03:47:04,withdrawal,13480.45,ACC_0244
ACC_0430,2024-05-05,02:10:50,withdrawal,17935.49,ACC_0096
ACC_0045,2024-02-29,18:55:25,payment,17670.75,ACC_0382
ACC_0470,2024-01-22,21:08:42,deposit,12882.98,ACC_0653
ACC_0840,2024-04-10,02:43:28,deposit,11157.08,ACC_SUS_088
ACC_0134,2024-03-01,10:37:10,transfer,21347.39,ACC_SUS_049
ACC_0821,2024-04-10,11:52:42,transfer,11592.57,ACC_0240
ACC_0077,2024-02-21,04:57:20,deposit,4307.56,ACC_0169
ACC_0461,2024-04-29,11:26:00,payment,3458.05,ACC_0367
ACC_0789,2024-02-23,16:27:13,transfer,11851.99,ACC_0873
ACC_0123,2024-01-24,05:44:18,transfer,20746.47,ACC_0714
ACC_0618,2024-01-11,07:49:43,transfer,4133.93,ACC_0729
ACC_0255,2024-04-01,14:25:36,deposit,17090.99,ACC_0267
ACC_0840,2024-02-14,01:07:53,payment,21437.73,ACC_0570
ACC_0767,2024-05-20,09:05:48,deposit,11820.06,ACC_0824
ACC_0813,2024-02-05,04:25:19,deposit,2010.9,ACC_0800
ACC_0228,2024-02-03,07:12:49,payment,9619.87,ACC_0646
ACC_0661,2024-01-22,21:12:06,transfer,22977.0,ACC_0077
ACC_0023,2024-01-17,07:11:59,payment,20327.82,ACC_0095
ACC_0868,2024-03-25,04:27:39,deposit,23585.88,ACC_0052
ACC_0173,2024-05-26,15:46:14,payment,12655.1,ACC_0392
ACC_0700,2024-04-19,06:17:30,transfer,5760.54,ACC_0192
ACC_0282,2024-03-12,16:14:19,withdrawal,1348.91,ACC_0635
ACC_0632,2024-03-03,23:34:00,transfer,12722.84,ACC_SUS_004
ACC_0564,2024-05-02,02:13:12,deposit,7354.51,ACC_0141
ACC_0430,2024-02-21,23:23:53,withdrawal,15953.48,ACC_0822
ACC_0557,2024-01-05,13:55:34,transfer,12252.27,ACC_0801
ACC_0497,2024-03-29,20:35:41,transfer,10015.34,ACC_0185
ACC_0027,2024-03-22,21:44:25,withdrawal,1217.93,ACC_0831
ACC_0798,2024-03-12,02:07:59,payment,13471.09,ACC_0786
ACC_0599,2024-02-29,05:48:42,deposit,6572.5,ACC_0247
ACC_0273,2024-05-16,02:02:08,withdrawal,14604.46,ACC_0817
ACC_0398,2024-03-31,06:19:28,withdrawal,6295.5,ACC_0326
ACC_0826,2024-06-27,13:03:46,deposit,17734.6,ACC_0361
ACC_0582,2024-05-24,05:10:25,withdrawal,20999.07,ACC_0830
ACC_0505,2024-05-18,11:15:08,withdrawal,12515.69,ACC_0093
ACC_0058,2024-02-29,21:54:21,withdrawal,988.24,ACC_0490
ACC_0001,2024-03-25,22:21:35,withdrawal,20257.91,ACC_0349
ACC_0735,2024-02-15,11:46:53,deposit,1036.87,ACC_0601
ACC_0722,2024-02-06,04:02:18,transfer,24033.69,ACC_0383
ACC_0722,2024-06-18,14:24:11,deposit,8745.75,ACC_0331
ACC_0140,2024-02-10,15:54:21,payment,16404.92,ACC_0179
ACC_0725,2024-05-23,22:20:40,transfer,5969.31,ACC_0604
ACC_0835,2024-02-14,13:46:35,transfer,18482.88,ACC_0302
ACC_0131,2024-02-15,00:03:55,payment,21343.55,ACC_0790
ACC_0582,2024-01-09,06:37:45,transfer,23065.44,ACC_SUS_091
ACC_0627,2024-02-26,23:17:19,deposit,23448.85,ACC_0145
ACC_0340,2024-01-20,08:39:54,transfer,24568.3,ACC_0172
ACC_0652,2024-01-23,23:16:08,transfer,11442.43,ACC_0272
ACC_0215,2024-03-04,02:28:05,transfer,6788.12,ACC_0111
ACC_0738,2024-01-01,01:45:10,payment,11236.39,ACC_0430
ACC_0171,2024-04-15,17:57:09,payment,9105.16,ACC_0385
ACC_0104,2024-05-02,21:02:46,withdrawal,4485.08,ACC_0076
ACC_0819,2024-01-09,10:44:14,deposit,8308.56,ACC_SUS_075
ACC_0108,2024-01-19,12:26:41,withdrawal,22254.32,ACC_0165
ACC_0750,2024-01-20,19:55:02,deposit,8779.79,ACC_0629
ACC_0495,2024-06-29,01:07:42,payment,23589.84,ACC_0169
ACC_0622,2024-04-21,05:43:11,deposit,2980.82,ACC_0211
ACC_0195,2024-04-14,20:10:28,transfer,16684.65,ACC_0305
ACC_0244,2024-01-25,01:48:25,payment,14508.36,ACC_0861
ACC_0503,2024-02-09,01:59:04,transfer,593.48,ACC_0090
ACC_0302,2024-06-18,22:45:31,payment,5392.03,ACC_0027
ACC_0212,2024-02-13,23:14:08,transfer,24437.91,ACC_0485
ACC_0865,2024-01-30,11:13:36,payment,12038.14,ACC_SUS_017
ACC_0677,2024-03-08,03:19:05,payment,5029.59,ACC_SUS_007
ACC_0391,2024-04-04,06:47:35,payment,1593.11,ACC_0451
ACC_0477,2024-03-08,08:14:14,transfer,14324.04,ACC_0155
ACC_0771,2024-06-27,03:31:15,deposit,16869.46,ACC_0828
ACC_0555,2024-04-15,21:28:16,withdrawal,14063.25,ACC_0861
ACC_0397,2024-05-13,15:14:30,payment,14531.5,ACC_0242
ACC_0488,2024-03-17,02:52:28,payment,22618.04,ACC_0732
ACC_0036,2024-05-08,20:47:50,withdrawal,3446.91,ACC_0776
ACC_0460,2024-02-14,06:05:10,withdrawal,20307.29,ACC_0130
ACC_0044,2024-04-18,02:51:11,payment,5447.02,ACC_0843
ACC_0643,2024-02-07,21:39:54,transfer,8333.86,ACC_0745
ACC_0827,2024-01-18,03:10:06,payment,14130.92,ACC_0566
ACC_0334,2024-03-11,18:55:16,payment,22970.47,ACC_0013
ACC_0806,2024-06-28,22:41:05,payment,3256.71,ACC_0154
ACC_0152,2024-05-25,21:24:21,deposit,23160.74,ACC_0577
ACC_0799,2024-01-26,10:24:58,transfer,22008.39,ACC_0271
ACC_0393,2024-06-16,17:40:46,payment,1417.91,ACC_0283
ACC_0413,2024-02-06,22:30:34,payment,1450.17,ACC_SUS_011
ACC_0340,2024-06-25,08:38:59,deposit,18770.87,ACC_SUS_043
ACC_0276,2024-04-05,00:44:11,transfer,20525.96,ACC_0311
ACC_0319,2024-03-12,17:53:57,deposit,24326.17,ACC_0234
ACC_0138,2024-03-17,16:07:59,transfer,7100.79,ACC_0427
ACC_0620,2024-06-14,03:15:03,withdrawal,11322.06,ACC_SUS_036
ACC_0844,2024-04-14,17:38:19,transfer,20614.93,ACC_0528
ACC_0811,2024-02-10,02:23:20,transfer,17884.45,ACC_0414
ACC_0139,2024-05-14,20:42:17,deposit,4756.57,ACC_0897
ACC_0853,2024-02-21,02:05:53,withdrawal,1310.24,ACC_0052
ACC_0370,2024-06-29,07:14:57,transfer,9524.62,ACC_0476
ACC_0518,2024-04-11,23:08:04,deposit,17188.77,ACC_0248
ACC_0382,2024-05-05,21:37:42,payment,4850.8,ACC_0892
ACC_0486,2024-05-30,20:04:24,transfer,8934.1,ACC_0858
ACC_0265,2024-06-25,03:17:27,transfer,1172.54,ACC_0051
ACC_0167,2024-05-26,07:48:11,withdrawal,16360.81,ACC_0694
ACC_0212,2024-03-09,23:43:24,payment,13075.39,ACC_0886
ACC_0800,2024-06-23,00:19:26,payment,22832.13,ACC_0663
ACC_0178,2024-06-02,00:18:29,withdrawal,6683.57,ACC_0825
ACC_0313,2024-06-13,10:01:34,payment,22439.33,ACC_0873
ACC_0358,2024-04-27,09:10:29,withdrawal,11934.1,ACC_0694
ACC_0534,2024-06-08,14:27:35,deposit,680.02,ACC_0679
ACC_0864,2024-04-05,20:26:31,transfer,7812.66,ACC_0111
ACC_0494,2024-01-17,12:14:37,transfer,16194.57,ACC_0883
ACC_0284,2024-03-07,23:53:18,transfer,5114.82,ACC_0530
ACC_0784,2024-03-02,02:04:01,payment,16682.99,ACC_0698
ACC_0144,2024-01-07,23:51:44,payment,24937.99,ACC_0266
ACC_0429,2024-04-13,14:08:11,deposit,14784.08,ACC_0586
ACC_0836,2024-02-18,12:29:39,withdrawal,17314.79,ACC_0654
ACC_0804,2024-05-01,13:03:08,transfer,21212.77,ACC_0861
ACC_0674,2024-05-22,06:35:41,transfer,2891.28,ACC_0132
ACC_0759,2024-03-07,20:21:13,withdrawal,23699.62,ACC_SUS_022
ACC_0344,2024-06-16,03:15:04,withdrawal,9204.44,ACC_0763
ACC_0893,2024-03-19,15:18:32,transfer,9606.22,ACC_0600
ACC_0302,2024-04-28,04:17:17,payment,1815.09,ACC_0650
ACC_0598,2024-05-28,22:35:50,deposit,12069.38,ACC_0200
ACC_0513,2024-01-31,13:53:46,transfer,10621.13,ACC_0892
ACC_0875,2024-02-08,05:00:04,withdrawal,8895.41,ACC_0584
ACC_0469,2024-02-06,11:31:09,withdrawal,19584.06,ACC_0500
ACC_0341,2024-06-10,06:26:16,transfer,16045.22,ACC_0005
ACC_0463,2024-03-11,07:37:24,withdrawal,14618.83,ACC_0163
ACC_0502,2024-01-23,04:42:41,payment,16020.44,ACC_0414
ACC_0440,2024-05-02,13:57:22,deposit,1424.27,ACC_0205
ACC_0749,2024-04-05,00:30:45,transfer,19042.77,ACC_0544
ACC_0196,2024-01-05,00:09:00,withdrawal,6043.51,ACC_0899
ACC_0353,2024-03-20,04:41:39,deposit,9896.99,ACC_0603
ACC_0314,2024-02-12,02:22:37,deposit,7805.96,ACC_0298
ACC_0467,2024-05-13,21:42:47,transfer,11124.8,ACC_0704
ACC_0138,2024-03-28,17:50:48,transfer,18877.83,ACC_0169
ACC_0832,2024-04-13,00:41:46,withdrawal,5995.87,ACC_0135
ACC_0217,2024-01-06,21:28:12,withdrawal,3517.47,ACC_0729
ACC_0667,2024-01-10,13:39:37,transfer,19395.62,ACC_0639
ACC_0050,2024-06-01,01:44:46,deposit,16512.41,ACC_0021
ACC_0050,2024-06-25,04:12:56,payment,11385.7,ACC_0127
ACC_0561,2024-03-05,17:16:20,withdrawal,5534.63,ACC_0703
ACC_0646,2024-01-03,10:57:47,payment,16710.78,ACC_0679
ACC_0533,2024-03-10,22:40:31,withdrawal,10761.23,ACC_SUS_021
ACC_0108,2024-05-10,22:29:22,deposit,7426.32,ACC_0804
ACC_0109,2024-05-07,07:13:57,withdrawal,19559.99,ACC_0852
ACC_0536,2024-02-21,13:01:53,payment,7736.1,ACC_0041
ACC_0562,2024-05-07,07:33:42,payment,8599.79,ACC_0003
ACC_0014,2024-06-20,03:14:25,deposit,20963.19,ACC_0686
ACC_0506,2024-02-08,03:16:47,deposit,18227.31,ACC_0104
ACC_0263,2024-06-13,08:24:58,payment,24722.32,ACC_0304
ACC_0271,2024-04-28,01:49:24,deposit,20422.87,ACC_0896
ACC_0041,2024-03-15,13:06:54,transfer,10936.88,ACC_0119
ACC_0098,2024-01-12,00:21:07,withdrawal,16752.2,ACC_0175
ACC_0337,2024-04-01,15:56:12,transfer,22022.65,ACC_0096
ACC_0382,2024-03-28,06:39:29,deposit,10319.05,ACC_SUS_086
ACC_0468,2024-03-10,14:02:36,payment,20097.53,ACC_0665
ACC_0817,2024-02-12,04:06:58,withdrawal,17556.16,ACC_0061
ACC_0865,2024-02-10,03:46:33,payment,22825.06,ACC_0495
ACC_0822,2024-05-25,15:57:10,withdrawal,15477.42,ACC_0798
ACC_0368,2024-06-05,01:02:57,withdrawal,12335.45,ACC_0500
ACC_0116,2024-04-15,16:02:41,deposit,2051.73,ACC_0671
ACC_0322,2024-01-04,19:06:28,withdrawal,24458.44,ACC_0686
ACC_0895,2024-03-27,18:53:59,deposit,11104.77,ACC_0745
ACC_0255,2024-05-03,12:35:18,payment,4142.03,ACC_0847
ACC_0572,2024-06-05,01:59:12,deposit,16263.27,ACC_0161
ACC_0518,2024-04-30,18:03:10,withdrawal,2334.2,ACC_0504
ACC_0329,2024-03-02,12:02:51,transfer,1733.59,ACC_0229
ACC_0564,2024-06-13,13:47:08,payment,20519.03,ACC_0081
ACC_0471,2024-04-23,20:51:48,payment,2656.49,ACC_0511
ACC_0458,2024-03-21,04:19:19,payment,18758.35,ACC_0019
ACC_0106,2024-04-13,15:00:46,deposit,14149.71,ACC_0001
ACC_0846,2024-01-24,21:59:54,transfer,22307.72,ACC_0576
ACC_0212,2024-06-16,16:36:36,transfer,9401.89,ACC_0056
ACC_0837,2024-02-27,16:32:46,transfer,14223.7,ACC_0635
ACC_0615,2024-05-01,23:55:36,transfer,18039.88,ACC_0117
ACC_0100,2024-06-17,08:04:24,deposit,8863.25,ACC_0850
ACC_0649,2024-03-15,19:56:26,transfer,17701.35,ACC_0047
ACC_0169,2024-05-06,05:06:48,payment,3120.56,ACC_0626
ACC_0201,2024-02-18,04:23:46,payment,5781.94,ACC_0845
ACC_0801,2024-02-18,12:18:13,deposit,19050.16,ACC_0048
ACC_0649,2024-06-21,21:26:16,deposit,19417.56,ACC_0462
ACC_0469,2024-06-17,21:27:22,withdrawal,24114.44,ACC_0005
ACC_0544,2024-01-13,20:08:32,payment,21050.99,ACC_0495
ACC_0521,2024-02-15,21:03:52,withdrawal,18397.12,ACC_0132
ACC_0107,2024-04-09,23:56:22,transfer,12850.7,ACC_0394
ACC_0429,2024-06-04,09:02:17,transfer,10247.81,ACC_0352
ACC_0302,2024-04-25,04:51:21,withdrawal,10612.26,ACC_0717
ACC_0767,2024-05-11,10:52:59,transfer,17940.92,ACC_SUS_058
ACC_0567,2024-06-10,07:54:47,withdrawal,5637.96,ACC_0732
ACC_0298,2024-06-24,12:34:18,withdrawal,24542.72,ACC_0666
ACC_0183,2024-05-08,19:45:05,transfer,17903.64,ACC_0780
ACC_0361,2024-05-23,17:29:23,payment,17018.97,ACC_SUS_016
ACC_0862,2024-05-16,10:24:37,payment,20303.47,ACC_0536
ACC_0110,2024-01-07,13:52:01,withdrawal,1800.09,ACC_0058
ACC_0205,2024-03-09,05:51:34,transfer,17243.06,ACC_0150
ACC_0860,2024-01-16,10:44:44,withdrawal,18963.05,ACC_0034
ACC_0368,2024-04-25,03:43:52,withdrawal,18689.11,ACC_0575
ACC_0399,2024-03-01,18:36:07,transfer,17476.93,ACC_0049
ACC_0391,2024-04-09,15:10:00,transfer,24162.91,ACC_0056
ACC_0014,2024-03-05,07:23:39,payment,20834.6,ACC_SUS_034
ACC_0649,2024-06-29,23:34:46,transfer,19000.14,ACC_0560
ACC_0757,2024-06-03,07:09:11,withdrawal,7707.35,ACC_0182
ACC_0700,2024-01-20,06:48:27,withdrawal,18509.45,ACC_0123
ACC_0387,2024-01-11,15:36:05,transfer,14136.67,ACC_0134
ACC_0165,2024-05-29,09:17:05,deposit,8598.79,ACC_0727
ACC_0159,2024-01-11,05:35:46,transfer,15123.57,ACC_0793
ACC_0641,2024-06-06,10:57:52,payment,19852.75,ACC_0564
ACC_0367,2024-01-19,11:34:22,withdrawal,23946.2,ACC_0534
ACC_0070,2024-05-09,05:48:09,payment,13805.46,ACC_0414
ACC_0095,2024-03-30,08:03:12,withdrawal,16751.69,ACC_0340
ACC_0370,2024-03-16,07:57:12,payment,24917.46,ACC_0844
ACC_0771,2024-06-15,00:19:13,deposit,16888.99,ACC_0457
ACC_0247,2024-06-13,22:20:39,withdrawal,23992.97,ACC_0699
ACC_0329,2024-04-07,04:07:40,payment,6786.47,ACC_0742
ACC_0290,2024-01-07,18:49:06,transfer,13100.57,ACC_0521
ACC_0457,2024-05-04,01:35:47,transfer,22507.9,ACC_0198
ACC_0329,2024-05-11,02:59:53,deposit,4601.17,ACC_SUS_080
ACC_0792,2024-05-17,19:24:48,deposit,15859.86,ACC_0216
ACC_0687,2024-06-10,07:45:41,payment,20973.79,ACC_0211
ACC_0551,2024-06-28,15:50:47,deposit,18798.83,ACC_0158
ACC_0025,2024-04-27,12:04:38,deposit,2644.26,ACC_0056
ACC_0183,2024-03-05,20:19:09,deposit,14586.58,ACC_0234
ACC_0265,2024-04-14,14:07:40,payment,15940.32,ACC_0444
ACC_0324,2024-01-05,14:10:52,deposit,13603.44,ACC_0657
ACC_0738,2024-06-07,02:18:08,deposit,17671.61,ACC_0075
ACC_0367,2024-05-08,03:51:51,transfer,19778.85,ACC_0309
ACC_0622,2024-01-23,10:14:59,payment,9844.63,ACC_0842
ACC_0677,2024-01-08,17:15:26,withdrawal,13569.96,ACC_0140
ACC_0765,2024-04-10,19:52:09,transfer,24023.29,ACC_0148
ACC_0306,2024-06-22,23:35:26,transfer,23956.1,ACC_0012
ACC_0567,2024-05-22,05:08:50,deposit,1523.44,ACC_0587
ACC_0611,2024-04-10,19:33:25,deposit,7964.93,ACC_0767
ACC_0760,2024-03-29,07:42:32,payment,22687.89,ACC_0872
ACC_0525,2024-02-06,05:51:36,withdrawal,5909.31,ACC_0855
ACC_0259,2024-02-19,04:10:23,withdrawal,16938.96,ACC_0581
ACC_0873,2024-01-14,19:58:59,payment,16294.53,ACC_0075
ACC_0298,2024-06-20,02:27:09,transfer,2905.96,ACC_0744
ACC_0595,2024-05-04,12:02:45,transfer,3641.27,ACC_0672
ACC_0241,2024-01-26,10:22:53,deposit,22552.91,ACC_0326
ACC_0498,2024-04-25,11:57:16,transfer,17489.72,ACC_0157
ACC_0580,2024-05-25,13:16:14,transfer,23987.14,ACC_0173
ACC_0005,2024-03-21,08:57:46,withdrawal,17948.88,ACC_0657
ACC_0447,2024-03-11,13:05:18,withdrawal,17149.71,ACC_0340
ACC_0899,2024-05-02,16:51:06,payment,9289.17,ACC_0313
ACC_0499,2024-05-21,03:57:44,withdrawal,16316.01,ACC_0084
ACC_0862,2024-03-12,05:05:50,withdrawal,6949.25,ACC_SUS_008
ACC_0642,2024-01-20,02:44:42,deposit,21314.89,ACC_0647
ACC_0032,2024-05-28,21:04:37,payment,19345.41,ACC_0218
ACC_0038,2024-05-21,09:29:19,payment,16520.75,ACC_0153
ACC_0375,2024-04-10,08:07:49,transfer,3780.09,ACC_0514
ACC_0523,2024-01-24,14:26:47,transfer,12803.1,ACC_0679
ACC_0245,2024-06-06,06:02:17,withdrawal,11432.4,ACC_0184
ACC_0580,2024-05-24,05:19:22,payment,23509.79,ACC_0042
ACC_0225,2024-05-04,08:26:15,deposit,6976.75,ACC_0240
ACC_0044,2024-06-20,07:31:42,transfer,10008.28,ACC_SUS_040
ACC_0466,2024-01-12,01:27:10,transfer,3029.01,ACC_SUS_092
ACC_0534,2024-06-11,09:57:27,transfer,14676.47,ACC_0584
ACC_0179,2024-04-06,23:47:58,payment,9449.77,ACC_0670
ACC_0856,2024-01-20,18:48:40,transfer,9720.06,ACC_SUS_030
ACC_0229,2024-05-12,14:46:34,transfer,20522.3,ACC_0354
ACC_0499,2024-05-03,21:59:55,deposit,12795.01,ACC_0143
ACC_0451,2024-02-12,08:22:25,deposit,13106.26,ACC_0288
ACC_0217,2024-02-08,06:48:18,withdrawal,9374.46,ACC_0735
ACC_0837,2024-01-31,08:23:11,payment,20373.73,ACC_0738
ACC_0117,2024-05-03,17:25:59,payment,5662.25,ACC_0166
ACC_0663,2024-04-15,00:49:02,withdrawal,1557.04,ACC_0588
ACC_0607,2024-02-11,04:54:18,deposit,22324.54,ACC_0151
ACC_0058,2024-02-12,09:24:10,withdrawal,13157.7,ACC_0416
ACC_0614,2024-05-24,23:12:54,deposit,22023.47,ACC_0746
ACC_0678,2024-03-13,03:07:19,withdrawal,11505.48,ACC_0483
ACC_0889,2024-05-03,06:12:36,withdrawal,20843.91,ACC_0616
ACC_0147,2024-05-29,06:37:19,transfer,4609.18,ACC_0703
ACC_0351,2024-04-26,21:43:08,deposit,6130.44,ACC_0395
ACC_0136,2024-01-28,00:36:10,withdrawal,13306.43,ACC_SUS_032
ACC_0517,2024-06-24,15:17:03,withdrawal,15335.02,ACC_0182
ACC_0488,2024-06-06,21:50:18,deposit,22004.94,ACC_0545
ACC_0516,2024-01-31,03:23:34,payment,16655.12,ACC_SUS_024
ACC_0618,2024-05-18,00:02:37,payment,13290.08,ACC_0380
ACC_0896,2024-01-12,19:17:24,payment,6122.41,ACC_0822
ACC_0494,2024-04-07,12:45:43,deposit,10924.49,ACC_0261
ACC_0489,2024-02-29,03:03:06,transfer,15158.16,ACC_0557
ACC_0419,2024-03-06,06:52:55,deposit,17874.15,ACC_0809
ACC_0008,2024-05-27,19:01:30,deposit,13234.17,ACC_0385
ACC_0671,2024-02-22,11:30:05,payment,9375.61,ACC_0159
ACC_0437,2024-06-15,21:18:45,transfer,6901.92,ACC_0549
ACC_0434,2024-05-24,13:18:45,transfer,24799.07,ACC_0407
ACC_0774,2024-02-22,15:02:42,payment,4878.63,ACC_0573
ACC_0569,2024-05-03,09:14:23,transfer,14652.45,ACC_0793
ACC_0723,2024-04-11,05:01:36,deposit,18821.45,ACC_0458
ACC_0802,2024-06-28,05:53:26,deposit,5754.22,ACC_0411
ACC_0805,2024-03-27,20:02:45,deposit,4438.08,ACC_SUS_088
ACC_0652,2024-01-02,03:18:59,withdrawal,12055.88,ACC_0615
ACC_0446,2024-01-23,02:19:59,transfer,5933.37,ACC_0082
ACC_0624,2024-01-10,13:59:34,payment,15542.16,ACC_0534
ACC_SUS_037,2024-06-01,02:05:31,deposit,49944.77,ACC_0840
ACC_SUS_023,2024-06-12,17:59:57,deposit,49438.53,ACC_0207
ACC_SUS_085,2024-05-12,10:24:47,deposit,49194.55,ACC_0803
ACC_SUS_077,2024-05-10,18:46:48,deposit,49697.75,ACC_0630
ACC_SUS_022,2024-06-21,01:18:46,deposit,49359.38,ACC_0671
ACC_SUS_001,2024-02-10,03:09:42,deposit,49995.82,ACC_0799
ACC_SUS_052,2024-03-31,14:23:12,deposit,49405.05,ACC_0206
ACC_SUS_067,2024-01-04,02:29:53,deposit,49918.26,ACC_0563
ACC_SUS_037,2024-05-23,21:13:26,deposit,49347.75,ACC_SUS_087
ACC_SUS_036,2024-02-27,22:04:37,deposit,49962.09,ACC_0466
ACC_SUS_052,2024-05-27,00:10:09,deposit,49260.85,ACC_0417
ACC_SUS_065,2024-01-28,20:20:20,deposit,49072.31,ACC_0302
ACC_SUS_044,2024-01-30,18:41:17,deposit,49955.75,ACC_0898
ACC_SUS_069,2024-05-27,09:06:26,deposit,49693.5,ACC_SUS_090
ACC_SUS_049,2024-05-24,17:36:30,deposit,49769.2,ACC_0776
ACC_SUS_044,2024-04-27,16:46:27,deposit,49895.63,ACC_0883
ACC_SUS_004,2024-05-03,04:13:59,deposit,49257.56,ACC_0392
ACC_SUS_082,2024-02-26,08:22:17,deposit,49799.36,ACC_0423
ACC_SUS_046,2024-05-12,19:30:08,deposit,49009.71,ACC_0853
ACC_SUS_034,2024-03-04,10:27:35,deposit,49092.92,ACC_0690
ACC_SUS_096,2024-03-28,02:46:05,deposit,49554.0,ACC_0183
ACC_SUS_061,2024-03-21,12:52:18,deposit,49218.35,ACC_0588
ACC_SUS_035,2024-02-16,06:55:25,deposit,49498.5,ACC_0205
ACC_SUS_031,2024-03-02,09:39:47,deposit,49206.57,ACC_0208
ACC_SUS_032,2024-06-07,12:57:45,deposit,49155.84,ACC_0110
ACC_SUS_016,2024-01-21,17:56:14,deposit,49613.21,ACC_0783
ACC_SUS_070,2024-01-11,17:33:34,deposit,49370.83,ACC_0323
ACC_SUS_064,2024-05-27,10:00:09,deposit,49490.31,ACC_0783
ACC_SUS_066,2024-03-12,14:29:10,deposit,49221.87,ACC_0591
ACC_SUS_017,2024-01-14,19:08:29,deposit,49798.47,ACC_0490
ACC_SUS_070,2024-01-09,18:17:40,deposit,49346.94,ACC_0882
ACC_SUS_088,2024-02-14,16:38:45,deposit,49975.53,ACC_0716
ACC_SUS_067,2024-04-27,11:29:33,deposit,49688.52,ACC_0013
ACC_SUS_087,2024-02-23,13:48:52,deposit,49580.43,ACC_0334
ACC_SUS_047,2024-06-05,09:27:19,deposit,49186.97,ACC_0270
ACC_SUS_031,2024-03-09,17:09:40,deposit,49957.57,ACC_0352
ACC_SUS_047,2024-02-17,18:09:34,deposit,49423.52,ACC_0430
ACC_SUS_090,2024-04-05,13:17:31,deposit,49853.47,ACC_0287
ACC_SUS_058,2024-02-16,20:48:15,deposit,49131.01,ACC_0590
ACC_SUS_088,2024-02-28,03:38:10,deposit,49720.09,ACC_0824
ACC_SUS_031,2024-05-22,15:44:11,deposit,49855.45,ACC_0201
ACC_SUS_019,2024-02-08,17:13:15,deposit,49804.86,ACC_0181
ACC_SUS_054,2024-05-07,04:53:45,deposit,49994.57,ACC_0870
ACC_SUS_081,2024-05-12,19:26:30,deposit,49719.84,ACC_0805
ACC_SUS_063,2024-03-17,09:08:15,deposit,49561.58,ACC_0582
ACC_SUS_007,2024-04-11,03:36:12,deposit,49689.85,ACC_0062
ACC_SUS_028,2024-03-06,17:21:00,deposit,49838.13,ACC_0099
ACC_SUS_058,2024-03-26,09:27:28,deposit,49360.6,ACC_0574
ACC_SUS_072,2024-03-06,12:31:47,deposit,49019.82,ACC_0125
ACC_SUS_045,2024-06-22,22:02:54,deposit,49198.76,ACC_0590
ACC_SUS_084,2024-06-15,19:36:14,deposit,49174.36,ACC_0800
ACC_SUS_037,2024-03-31,11:50:10,deposit,49672.52,ACC_0500
ACC_SUS_100,2024-04-24,02:51:17,deposit,49380.69,ACC_0294
ACC_SUS_060,2024-06-10,05:16:25,deposit,49867.39,ACC_0656
ACC_SUS_044,2024-04-17,22:59:02,deposit,49611.7,ACC_0415
ACC_SUS_010,2024-01-21,05:53:53,deposit,49343.28,ACC_0322
ACC_SUS_041,2024-06-16,10:36:28,deposit,49709.72,ACC_0620
ACC_SUS_083,2024-04-11,09:52:33,deposit,49886.8,ACC_0800
ACC_SUS_047,2024-05-30,18:58:00,deposit,49964.56,ACC_0424
ACC_SUS_022,2024-02-17,00:50:27,deposit,49124.91,ACC_0241
ACC_SUS_085,2024-03-05,02:54:54,deposit,49210.36,ACC_0407
ACC_SUS_014,2024-01-25,02:19:21,deposit,49935.86,ACC_0485
ACC_SUS_071,2024-01-14,00:57:35,deposit,49770.16,ACC_0537
ACC_SUS_098,2024-01-22,03:47:02,deposit,49262.19,ACC_0160
ACC_SUS_011,2024-06-16,14:11:37,deposit,49309.06,ACC_0254
ACC_SUS_095,2024-03-13,16:08:05,deposit,49625.85,ACC_0135
ACC_SUS_068,2024-02-13,01:02:24,deposit,49035.12,ACC_0366
ACC_SUS_042,2024-05-01,17:00:35,deposit,49974.01,ACC_0554
ACC_SUS_035,2024-05-20,16:11:46,deposit,49134.98,ACC_SUS_072
ACC_SUS_090,2024-05-18,06:26:44,deposit,49590.24,ACC_0468
ACC_SUS_081,2024-06-11,20:32:02,deposit,49434.54,ACC_0656
ACC_SUS_082,2024-05-16,11:16:27,deposit,49908.01,ACC_0494
ACC_SUS_070,2024-02-28,03:15:38,deposit,49441.42,ACC_0375
ACC_SUS_053,2024-03-07,05:40:10,deposit,49303.27,ACC_0001
ACC_SUS_067,2024-02-04,12:31:13,deposit,49286.48,ACC_0548
ACC_SUS_002,2024-06-25,17:54:38,deposit,49946.01,ACC_0489
ACC_SUS_039,2024-01-03,15:40:18,deposit,49797.17,ACC_0612
ACC_SUS_030,2024-01-02,19:57:35,deposit,49373.27,ACC_0422
ACC_SUS_072,2024-04-21,14:22:20,deposit,49249.65,ACC_0733
ACC_SUS_095,2024-06-14,14:11:21,deposit,49827.6,ACC_0226
ACC_SUS_034,2024-01-21,15:22:23,deposit,49624.7,ACC_0530
ACC_SUS_098,2024-06-05,09:53:53,deposit,49284.39,ACC_0761
ACC_SUS_069,2024-03-09,15:02:00,deposit,49187.81,ACC_0071
ACC_SUS_024,2024-02-04,10:32:37,deposit,49110.25,ACC_0467
ACC_SUS_080,2024-04-25,09:54:29,deposit,49699.77,ACC_0504
ACC_SUS_025,2024-03-23,00:42:22,deposit,49152.0,ACC_SUS_093
ACC_SUS_069,2024-01-06,06:46:11,deposit,49971.36,ACC_0289
ACC_SUS_035,2024-02-02,15:57:44,deposit,49726.38,ACC_0239
ACC_SUS_012,2024-02-08,00:32:10,deposit,49493.09,ACC_0351
ACC_SUS_054,2024-03-20,18:08:45,deposit,49996.97,ACC_0475
ACC_SUS_090,2024-01-09,12:01:26,deposit,49080.14,ACC_0769
ACC_SUS_019,2024-01-15,09:42:11,deposit,49774.88,ACC_0074
ACC_SUS_070,2024-04-30,06:36:43,deposit,49192.0,ACC_0862
ACC_SUS_033,2024-04-07,00:27:33,deposit,49121.84,ACC_0787
ACC_SUS_092,2024-03-04,14:00:36,deposit,49770.45,ACC_0454
ACC_SUS_032,2024-01-09,07:15:06,deposit,49460.37,ACC_0790
ACC_SUS_013,2024-05-13,07:35:21,deposit,49472.35,ACC_0698
ACC_SUS_040,2024-03-23,05:46:29,deposit,49628.54,ACC_0044
ACC_SUS_096,2024-05-20,18:57:58,deposit,49122.02,ACC_0493
ACC_SUS_082,2024-03-17,07:14:07,deposit,49360.07,ACC_0054
